run_id,created_time,experiment_id,mode,config_hash,seed,delay_setting,method,T,K,D_max,delay_meta_type,delay_meta_p,delay_meta_w,delay_meta_p_fast,delay_meta_p_slow,delay_meta_switch_t
toy_full_d58591a6ee_0_delay_oracle_s000,2026-06-24T05:30:28.932122Z,toy,full,d58591a6ee,0,0_delay,oracle,2000,5,10,zero_delay,NA,NA,NA,NA,NA
toy_full_d58591a6ee_0_delay_naive_s000,2026-06-24T05:30:28.966039Z,toy,full,d58591a6ee,0,0_delay,naive,2000,5,10,zero_delay,NA,NA,NA,NA,NA
toy_full_d58591a6ee_0_delay_causal_labelled_s000,2026-06-24T05:30:28.994117Z,toy,full,d58591a6ee,0,0_delay,causal_labelled,2000,5,10,zero_delay,NA,NA,NA,NA,NA
toy_full_d58591a6ee_geom_0.15_oracle_s000,2026-06-24T05:30:29.026937Z,toy,full,d58591a6ee,0,geom_0.15,oracle,2000,5,10,geometric,0.15,NA,NA,NA,NA
toy_full_d58591a6ee_geom_0.15_naive_s000,2026-06-24T05:30:29.057105Z,toy,full,d58591a6ee,0,geom_0.15,naive,2000,5,10,geometric,0.15,NA,NA,NA,NA
toy_full_d58591a6ee_geom_0.15_causal_labelled_s000,2026-06-24T05:30:29.090110Z,toy,full,d58591a6ee,0,geom_0.15,causal_labelled,2000,5,10,geometric,0.15,NA,NA,NA,NA
toy_full_d58591a6ee_piece_0.6to0.15_oracle_s000,2026-06-24T05:30:29.120853Z,toy,full,d58591a6ee,0,piece_0.6to0.15,oracle,2000,5,10,piecewise,NA,NA,NA,NA,1000
toy_full_d58591a6ee_piece_0.6to0.15_naive_s000,2026-06-24T05:30:29.156720Z,toy,full,d58591a6ee,0,piece_0.6to0.15,naive,2000,5,10,piecewise,NA,NA,NA,NA,1000
toy_full_d58591a6ee_piece_0.6to0.15_causal_labelled_s000,2026-06-24T05:30:29.193311Z,toy,full,d58591a6ee,0,piece_0.6to0.15,causal_labelled,2000,5,10,piecewise,NA,NA,NA,NA,1000
toy_full_d58591a6ee_mixed_geom_0.6+0.1_w0.2_oracle_s000,2026-06-24T05:30:29.216682Z,toy,full,d58591a6ee,0,mixed_geom_0.6+0.1_w0.2,oracle,2000,5,10,mixture,NA,0.2,0.6,0.1,NA
toy_full_d58591a6ee_mixed_geom_0.6+0.1_w0.2_naive_s000,2026-06-24T05:30:29.243213Z,toy,full,d58591a6ee,0,mixed_geom_0.6+0.1_w0.2,naive,2000,5,10,mixture,NA,0.2,0.6,0.1,NA
toy_full_d58591a6ee_mixed_geom_0.6+0.1_w0.2_causal_labelled_s000,2026-06-24T05:30:29.269641Z,toy,full,d58591a6ee,0,mixed_geom_0.6+0.1_w0.2,causal_labelled,2000,5,10,mixture,NA,0.2,0.6,0.1,NA
toy_full_d58591a6ee_0_delay_oracle_s001,2026-06-24T05:30:29.293698Z,toy,full,d58591a6ee,1,0_delay,oracle,2000,5,10,zero_delay,NA,NA,NA,NA,NA
toy_full_d58591a6ee_0_delay_naive_s001,2026-06-24T05:30:29.324337Z,toy,full,d58591a6ee,1,0_delay,naive,2000,5,10,zero_delay,NA,NA,NA,NA,NA
toy_full_d58591a6ee_0_delay_causal_labelled_s001,2026-06-24T05:30:29.349421Z,toy,full,d58591a6ee,1,0_delay,causal_labelled,2000,5,10,zero_delay,NA,NA,NA,NA,NA
toy_full_d58591a6ee_geom_0.15_oracle_s001,2026-06-24T05:30:29.373146Z,toy,full,d58591a6ee,1,geom_0.15,oracle,2000,5,10,geometric,0.15,NA,NA,NA,NA
toy_full_d58591a6ee_geom_0.15_naive_s001,2026-06-24T05:30:29.398924Z,toy,full,d58591a6ee,1,geom_0.15,naive,2000,5,10,geometric,0.15,NA,NA,NA,NA
toy_full_d58591a6ee_geom_0.15_causal_labelled_s001,2026-06-24T05:30:29.426481Z,toy,full,d58591a6ee,1,geom_0.15,causal_labelled,2000,5,10,geometric,0.15,NA,NA,NA,NA
toy_full_d58591a6ee_piece_0.6to0.15_oracle_s001,2026-06-24T05:30:29.448552Z,toy,full,d58591a6ee,1,piece_0.6to0.15,oracle,2000,5,10,piecewise,NA,NA,NA,NA,1000
toy_full_d58591a6ee_piece_0.6to0.15_naive_s001,2026-06-24T05:30:29.501793Z,toy,full,d58591a6ee,1,piece_0.6to0.15,naive,2000,5,10,piecewise,NA,NA,NA,NA,1000
toy_full_d58591a6ee_piece_0.6to0.15_causal_labelled_s001,2026-06-24T05:30:29.524858Z,toy,full,d58591a6ee,1,piece_0.6to0.15,causal_labelled,2000,5,10,piecewise,NA,NA,NA,NA,1000
toy_full_d58591a6ee_mixed_geom_0.6+0.1_w0.2_oracle_s001,2026-06-24T05:30:29.545940Z,toy,full,d58591a6ee,1,mixed_geom_0.6+0.1_w0.2,oracle,2000,5,10,mixture,NA,0.2,0.6,0.1,NA
toy_full_d58591a6ee_mixed_geom_0.6+0.1_w0.2_naive_s001,2026-06-24T05:30:29.570725Z,toy,full,d58591a6ee,1,mixed_geom_0.6+0.1_w0.2,naive,2000,5,10,mixture,NA,0.2,0.6,0.1,NA
toy_full_d58591a6ee_mixed_geom_0.6+0.1_w0.2_causal_labelled_s001,2026-06-24T05:30:29.597453Z,toy,full,d58591a6ee,1,mixed_geom_0.6+0.1_w0.2,causal_labelled,2000,5,10,mixture,NA,0.2,0.6,0.1,NA
toy_full_d58591a6ee_0_delay_oracle_s002,2026-06-24T05:30:29.622548Z,toy,full,d58591a6ee,2,0_delay,oracle,2000,5,10,zero_delay,NA,NA,NA,NA,NA
toy_full_d58591a6ee_0_delay_naive_s002,2026-06-24T05:30:29.649884Z,toy,full,d58591a6ee,2,0_delay,naive,2000,5,10,zero_delay,NA,NA,NA,NA,NA
toy_full_d58591a6ee_0_delay_causal_labelled_s002,2026-06-24T05:30:29.676505Z,toy,full,d58591a6ee,2,0_delay,causal_labelled,2000,5,10,zero_delay,NA,NA,NA,NA,NA
toy_full_d58591a6ee_geom_0.15_oracle_s002,2026-06-24T05:30:29.700041Z,toy,full,d58591a6ee,2,geom_0.15,oracle,2000,5,10,geometric,0.15,NA,NA,NA,NA
toy_full_d58591a6ee_geom_0.15_naive_s002,2026-06-24T05:30:29.725105Z,toy,full,d58591a6ee,2,geom_0.15,naive,2000,5,10,geometric,0.15,NA,NA,NA,NA
toy_full_d58591a6ee_geom_0.15_causal_labelled_s002,2026-06-24T05:30:29.749196Z,toy,full,d58591a6ee,2,geom_0.15,causal_labelled,2000,5,10,geometric,0.15,NA,NA,NA,NA
toy_full_d58591a6ee_piece_0.6to0.15_oracle_s002,2026-06-24T05:30:29.775268Z,toy,full,d58591a6ee,2,piece_0.6to0.15,oracle,2000,5,10,piecewise,NA,NA,NA,NA,1000
toy_full_d58591a6ee_piece_0.6to0.15_naive_s002,2026-06-24T05:30:29.800987Z,toy,full,d58591a6ee,2,piece_0.6to0.15,naive,2000,5,10,piecewise,NA,NA,NA,NA,1000
toy_full_d58591a6ee_piece_0.6to0.15_causal_labelled_s002,2026-06-24T05:30:29.828043Z,toy,full,d58591a6ee,2,piece_0.6to0.15,causal_labelled,2000,5,10,piecewise,NA,NA,NA,NA,1000
toy_full_d58591a6ee_mixed_geom_0.6+0.1_w0.2_oracle_s002,2026-06-24T05:30:29.853919Z,toy,full,d58591a6ee,2,mixed_geom_0.6+0.1_w0.2,oracle,2000,5,10,mixture,NA,0.2,0.6,0.1,NA
toy_full_d58591a6ee_mixed_geom_0.6+0.1_w0.2_naive_s002,2026-06-24T05:30:29.879891Z,toy,full,d58591a6ee,2,mixed_geom_0.6+0.1_w0.2,naive,2000,5,10,mixture,NA,0.2,0.6,0.1,NA
toy_full_d58591a6ee_mixed_geom_0.6+0.1_w0.2_causal_labelled_s002,2026-06-24T05:30:29.905431Z,toy,full,d58591a6ee,2,mixed_geom_0.6+0.1_w0.2,causal_labelled,2000,5,10,mixture,NA,0.2,0.6,0.1,NA
toy_full_d58591a6ee_0_delay_oracle_s003,2026-06-24T05:30:29.931365Z,toy,full,d58591a6ee,3,0_delay,oracle,2000,5,10,zero_delay,NA,NA,NA,NA,NA
toy_full_d58591a6ee_0_delay_naive_s003,2026-06-24T05:30:29.961281Z,toy,full,d58591a6ee,3,0_delay,naive,2000,5,10,zero_delay,NA,NA,NA,NA,NA
toy_full_d58591a6ee_0_delay_causal_labelled_s003,2026-06-24T05:30:29.992202Z,toy,full,d58591a6ee,3,0_delay,causal_labelled,2000,5,10,zero_delay,NA,NA,NA,NA,NA
toy_full_d58591a6ee_geom_0.15_oracle_s003,2026-06-24T05:30:30.025493Z,toy,full,d58591a6ee,3,geom_0.15,oracle,2000,5,10,geometric,0.15,NA,NA,NA,NA
toy_full_d58591a6ee_geom_0.15_naive_s003,2026-06-24T05:30:30.056562Z,toy,full,d58591a6ee,3,geom_0.15,naive,2000,5,10,geometric,0.15,NA,NA,NA,NA
toy_full_d58591a6ee_geom_0.15_causal_labelled_s003,2026-06-24T05:30:30.087913Z,toy,full,d58591a6ee,3,geom_0.15,causal_labelled,2000,5,10,geometric,0.15,NA,NA,NA,NA
toy_full_d58591a6ee_piece_0.6to0.15_oracle_s003,2026-06-24T05:30:30.121190Z,toy,full,d58591a6ee,3,piece_0.6to0.15,oracle,2000,5,10,piecewise,NA,NA,NA,NA,1000
toy_full_d58591a6ee_piece_0.6to0.15_naive_s003,2026-06-24T05:30:30.156225Z,toy,full,d58591a6ee,3,piece_0.6to0.15,naive,2000,5,10,piecewise,NA,NA,NA,NA,1000
toy_full_d58591a6ee_piece_0.6to0.15_causal_labelled_s003,2026-06-24T05:30:30.187055Z,toy,full,d58591a6ee,3,piece_0.6to0.15,causal_labelled,2000,5,10,piecewise,NA,NA,NA,NA,1000
toy_full_d58591a6ee_mixed_geom_0.6+0.1_w0.2_oracle_s003,2026-06-24T05:30:30.209620Z,toy,full,d58591a6ee,3,mixed_geom_0.6+0.1_w0.2,oracle,2000,5,10,mixture,NA,0.2,0.6,0.1,NA
toy_full_d58591a6ee_mixed_geom_0.6+0.1_w0.2_naive_s003,2026-06-24T05:30:30.236397Z,toy,full,d58591a6ee,3,mixed_geom_0.6+0.1_w0.2,naive,2000,5,10,mixture,NA,0.2,0.6,0.1,NA
toy_full_d58591a6ee_mixed_geom_0.6+0.1_w0.2_causal_labelled_s003,2026-06-24T05:30:30.268066Z,toy,full,d58591a6ee,3,mixed_geom_0.6+0.1_w0.2,causal_labelled,2000,5,10,mixture,NA,0.2,0.6,0.1,NA
toy_full_d58591a6ee_0_delay_oracle_s004,2026-06-24T05:30:30.290141Z,toy,full,d58591a6ee,4,0_delay,oracle,2000,5,10,zero_delay,NA,NA,NA,NA,NA
toy_full_d58591a6ee_0_delay_naive_s004,2026-06-24T05:30:30.315878Z,toy,full,d58591a6ee,4,0_delay,naive,2000,5,10,zero_delay,NA,NA,NA,NA,NA
toy_full_d58591a6ee_0_delay_causal_labelled_s004,2026-06-24T05:30:30.341779Z,toy,full,d58591a6ee,4,0_delay,causal_labelled,2000,5,10,zero_delay,NA,NA,NA,NA,NA
toy_full_d58591a6ee_geom_0.15_oracle_s004,2026-06-24T05:30:30.364322Z,toy,full,d58591a6ee,4,geom_0.15,oracle,2000,5,10,geometric,0.15,NA,NA,NA,NA
toy_full_d58591a6ee_geom_0.15_naive_s004,2026-06-24T05:30:30.388800Z,toy,full,d58591a6ee,4,geom_0.15,naive,2000,5,10,geometric,0.15,NA,NA,NA,NA
toy_full_d58591a6ee_geom_0.15_causal_labelled_s004,2026-06-24T05:30:30.415009Z,toy,full,d58591a6ee,4,geom_0.15,causal_labelled,2000,5,10,geometric,0.15,NA,NA,NA,NA
toy_full_d58591a6ee_piece_0.6to0.15_oracle_s004,2026-06-24T05:30:30.438869Z,toy,full,d58591a6ee,4,piece_0.6to0.15,oracle,2000,5,10,piecewise,NA,NA,NA,NA,1000
toy_full_d58591a6ee_piece_0.6to0.15_naive_s004,2026-06-24T05:30:30.464949Z,toy,full,d58591a6ee,4,piece_0.6to0.15,naive,2000,5,10,piecewise,NA,NA,NA,NA,1000
toy_full_d58591a6ee_piece_0.6to0.15_causal_labelled_s004,2026-06-24T05:30:30.491323Z,toy,full,d58591a6ee,4,piece_0.6to0.15,causal_labelled,2000,5,10,piecewise,NA,NA,NA,NA,1000
toy_full_d58591a6ee_mixed_geom_0.6+0.1_w0.2_oracle_s004,2026-06-24T05:30:30.518860Z,toy,full,d58591a6ee,4,mixed_geom_0.6+0.1_w0.2,oracle,2000,5,10,mixture,NA,0.2,0.6,0.1,NA
toy_full_d58591a6ee_mixed_geom_0.6+0.1_w0.2_naive_s004,2026-06-24T05:30:30.544465Z,toy,full,d58591a6ee,4,mixed_geom_0.6+0.1_w0.2,naive,2000,5,10,mixture,NA,0.2,0.6,0.1,NA
toy_full_d58591a6ee_mixed_geom_0.6+0.1_w0.2_causal_labelled_s004,2026-06-24T05:30:30.571214Z,toy,full,d58591a6ee,4,mixed_geom_0.6+0.1_w0.2,causal_labelled,2000,5,10,mixture,NA,0.2,0.6,0.1,NA
toy_full_d58591a6ee_0_delay_oracle_s005,2026-06-24T05:30:30.597768Z,toy,full,d58591a6ee,5,0_delay,oracle,2000,5,10,zero_delay,NA,NA,NA,NA,NA
toy_full_d58591a6ee_0_delay_naive_s005,2026-06-24T05:30:30.623345Z,toy,full,d58591a6ee,5,0_delay,naive,2000,5,10,zero_delay,NA,NA,NA,NA,NA
toy_full_d58591a6ee_0_delay_causal_labelled_s005,2026-06-24T05:30:30.650523Z,toy,full,d58591a6ee,5,0_delay,causal_labelled,2000,5,10,zero_delay,NA,NA,NA,NA,NA
toy_full_d58591a6ee_geom_0.15_oracle_s005,2026-06-24T05:30:30.675590Z,toy,full,d58591a6ee,5,geom_0.15,oracle,2000,5,10,geometric,0.15,NA,NA,NA,NA
toy_full_d58591a6ee_geom_0.15_naive_s005,2026-06-24T05:30:30.703156Z,toy,full,d58591a6ee,5,geom_0.15,naive,2000,5,10,geometric,0.15,NA,NA,NA,NA
toy_full_d58591a6ee_geom_0.15_causal_labelled_s005,2026-06-24T05:30:30.732968Z,toy,full,d58591a6ee,5,geom_0.15,causal_labelled,2000,5,10,geometric,0.15,NA,NA,NA,NA
toy_full_d58591a6ee_piece_0.6to0.15_oracle_s005,2026-06-24T05:30:30.757007Z,toy,full,d58591a6ee,5,piece_0.6to0.15,oracle,2000,5,10,piecewise,NA,NA,NA,NA,1000
toy_full_d58591a6ee_piece_0.6to0.15_naive_s005,2026-06-24T05:30:30.785531Z,toy,full,d58591a6ee,5,piece_0.6to0.15,naive,2000,5,10,piecewise,NA,NA,NA,NA,1000
toy_full_d58591a6ee_piece_0.6to0.15_causal_labelled_s005,2026-06-24T05:30:30.812781Z,toy,full,d58591a6ee,5,piece_0.6to0.15,causal_labelled,2000,5,10,piecewise,NA,NA,NA,NA,1000
toy_full_d58591a6ee_mixed_geom_0.6+0.1_w0.2_oracle_s005,2026-06-24T05:30:30.836460Z,toy,full,d58591a6ee,5,mixed_geom_0.6+0.1_w0.2,oracle,2000,5,10,mixture,NA,0.2,0.6,0.1,NA
toy_full_d58591a6ee_mixed_geom_0.6+0.1_w0.2_naive_s005,2026-06-24T05:30:30.865755Z,toy,full,d58591a6ee,5,mixed_geom_0.6+0.1_w0.2,naive,2000,5,10,mixture,NA,0.2,0.6,0.1,NA
toy_full_d58591a6ee_mixed_geom_0.6+0.1_w0.2_causal_labelled_s005,2026-06-24T05:30:30.891239Z,toy,full,d58591a6ee,5,mixed_geom_0.6+0.1_w0.2,causal_labelled,2000,5,10,mixture,NA,0.2,0.6,0.1,NA
toy_full_d58591a6ee_0_delay_oracle_s006,2026-06-24T05:30:30.918629Z,toy,full,d58591a6ee,6,0_delay,oracle,2000,5,10,zero_delay,NA,NA,NA,NA,NA
toy_full_d58591a6ee_0_delay_naive_s006,2026-06-24T05:30:30.948852Z,toy,full,d58591a6ee,6,0_delay,naive,2000,5,10,zero_delay,NA,NA,NA,NA,NA
toy_full_d58591a6ee_0_delay_causal_labelled_s006,2026-06-24T05:30:30.977498Z,toy,full,d58591a6ee,6,0_delay,causal_labelled,2000,5,10,zero_delay,NA,NA,NA,NA,NA
toy_full_d58591a6ee_geom_0.15_oracle_s006,2026-06-24T05:30:31.006514Z,toy,full,d58591a6ee,6,geom_0.15,oracle,2000,5,10,geometric,0.15,NA,NA,NA,NA
toy_full_d58591a6ee_geom_0.15_naive_s006,2026-06-24T05:30:31.035767Z,toy,full,d58591a6ee,6,geom_0.15,naive,2000,5,10,geometric,0.15,NA,NA,NA,NA
toy_full_d58591a6ee_geom_0.15_causal_labelled_s006,2026-06-24T05:30:31.066676Z,toy,full,d58591a6ee,6,geom_0.15,causal_labelled,2000,5,10,geometric,0.15,NA,NA,NA,NA
toy_full_d58591a6ee_piece_0.6to0.15_oracle_s006,2026-06-24T05:30:31.097220Z,toy,full,d58591a6ee,6,piece_0.6to0.15,oracle,2000,5,10,piecewise,NA,NA,NA,NA,1000
toy_full_d58591a6ee_piece_0.6to0.15_naive_s006,2026-06-24T05:30:31.129519Z,toy,full,d58591a6ee,6,piece_0.6to0.15,naive,2000,5,10,piecewise,NA,NA,NA,NA,1000
toy_full_d58591a6ee_piece_0.6to0.15_causal_labelled_s006,2026-06-24T05:30:31.160317Z,toy,full,d58591a6ee,6,piece_0.6to0.15,causal_labelled,2000,5,10,piecewise,NA,NA,NA,NA,1000
toy_full_d58591a6ee_mixed_geom_0.6+0.1_w0.2_oracle_s006,2026-06-24T05:30:31.186861Z,toy,full,d58591a6ee,6,mixed_geom_0.6+0.1_w0.2,oracle,2000,5,10,mixture,NA,0.2,0.6,0.1,NA
toy_full_d58591a6ee_mixed_geom_0.6+0.1_w0.2_naive_s006,2026-06-24T05:30:31.216989Z,toy,full,d58591a6ee,6,mixed_geom_0.6+0.1_w0.2,naive,2000,5,10,mixture,NA,0.2,0.6,0.1,NA
toy_full_d58591a6ee_mixed_geom_0.6+0.1_w0.2_causal_labelled_s006,2026-06-24T05:30:31.245253Z,toy,full,d58591a6ee,6,mixed_geom_0.6+0.1_w0.2,causal_labelled,2000,5,10,mixture,NA,0.2,0.6,0.1,NA
toy_full_d58591a6ee_0_delay_oracle_s007,2026-06-24T05:30:31.277380Z,toy,full,d58591a6ee,7,0_delay,oracle,2000,5,10,zero_delay,NA,NA,NA,NA,NA
toy_full_d58591a6ee_0_delay_naive_s007,2026-06-24T05:30:31.308183Z,toy,full,d58591a6ee,7,0_delay,naive,2000,5,10,zero_delay,NA,NA,NA,NA,NA
toy_full_d58591a6ee_0_delay_causal_labelled_s007,2026-06-24T05:30:31.337491Z,toy,full,d58591a6ee,7,0_delay,causal_labelled,2000,5,10,zero_delay,NA,NA,NA,NA,NA
toy_full_d58591a6ee_geom_0.15_oracle_s007,2026-06-24T05:30:31.362136Z,toy,full,d58591a6ee,7,geom_0.15,oracle,2000,5,10,geometric,0.15,NA,NA,NA,NA
toy_full_d58591a6ee_geom_0.15_naive_s007,2026-06-24T05:30:31.394199Z,toy,full,d58591a6ee,7,geom_0.15,naive,2000,5,10,geometric,0.15,NA,NA,NA,NA
toy_full_d58591a6ee_geom_0.15_causal_labelled_s007,2026-06-24T05:30:31.419251Z,toy,full,d58591a6ee,7,geom_0.15,causal_labelled,2000,5,10,geometric,0.15,NA,NA,NA,NA
toy_full_d58591a6ee_piece_0.6to0.15_oracle_s007,2026-06-24T05:30:31.440648Z,toy,full,d58591a6ee,7,piece_0.6to0.15,oracle,2000,5,10,piecewise,NA,NA,NA,NA,1000
toy_full_d58591a6ee_piece_0.6to0.15_naive_s007,2026-06-24T05:30:31.469757Z,toy,full,d58591a6ee,7,piece_0.6to0.15,naive,2000,5,10,piecewise,NA,NA,NA,NA,1000
toy_full_d58591a6ee_piece_0.6to0.15_causal_labelled_s007,2026-06-24T05:30:31.494805Z,toy,full,d58591a6ee,7,piece_0.6to0.15,causal_labelled,2000,5,10,piecewise,NA,NA,NA,NA,1000
toy_full_d58591a6ee_mixed_geom_0.6+0.1_w0.2_oracle_s007,2026-06-24T05:30:31.518357Z,toy,full,d58591a6ee,7,mixed_geom_0.6+0.1_w0.2,oracle,2000,5,10,mixture,NA,0.2,0.6,0.1,NA
toy_full_d58591a6ee_mixed_geom_0.6+0.1_w0.2_naive_s007,2026-06-24T05:30:31.546951Z,toy,full,d58591a6ee,7,mixed_geom_0.6+0.1_w0.2,naive,2000,5,10,mixture,NA,0.2,0.6,0.1,NA
toy_full_d58591a6ee_mixed_geom_0.6+0.1_w0.2_causal_labelled_s007,2026-06-24T05:30:31.573001Z,toy,full,d58591a6ee,7,mixed_geom_0.6+0.1_w0.2,causal_labelled,2000,5,10,mixture,NA,0.2,0.6,0.1,NA
toy_full_d58591a6ee_0_delay_oracle_s008,2026-06-24T05:30:31.597660Z,toy,full,d58591a6ee,8,0_delay,oracle,2000,5,10,zero_delay,NA,NA,NA,NA,NA
toy_full_d58591a6ee_0_delay_naive_s008,2026-06-24T05:30:31.625392Z,toy,full,d58591a6ee,8,0_delay,naive,2000,5,10,zero_delay,NA,NA,NA,NA,NA
toy_full_d58591a6ee_0_delay_causal_labelled_s008,2026-06-24T05:30:31.650530Z,toy,full,d58591a6ee,8,0_delay,causal_labelled,2000,5,10,zero_delay,NA,NA,NA,NA,NA
toy_full_d58591a6ee_geom_0.15_oracle_s008,2026-06-24T05:30:31.673613Z,toy,full,d58591a6ee,8,geom_0.15,oracle,2000,5,10,geometric,0.15,NA,NA,NA,NA
toy_full_d58591a6ee_geom_0.15_naive_s008,2026-06-24T05:30:31.698249Z,toy,full,d58591a6ee,8,geom_0.15,naive,2000,5,10,geometric,0.15,NA,NA,NA,NA
toy_full_d58591a6ee_geom_0.15_causal_labelled_s008,2026-06-24T05:30:31.722288Z,toy,full,d58591a6ee,8,geom_0.15,causal_labelled,2000,5,10,geometric,0.15,NA,NA,NA,NA
toy_full_d58591a6ee_piece_0.6to0.15_oracle_s008,2026-06-24T05:30:31.745902Z,toy,full,d58591a6ee,8,piece_0.6to0.15,oracle,2000,5,10,piecewise,NA,NA,NA,NA,1000
toy_full_d58591a6ee_piece_0.6to0.15_naive_s008,2026-06-24T05:30:31.771344Z,toy,full,d58591a6ee,8,piece_0.6to0.15,naive,2000,5,10,piecewise,NA,NA,NA,NA,1000
toy_full_d58591a6ee_piece_0.6to0.15_causal_labelled_s008,2026-06-24T05:30:31.798393Z,toy,full,d58591a6ee,8,piece_0.6to0.15,causal_labelled,2000,5,10,piecewise,NA,NA,NA,NA,1000
toy_full_d58591a6ee_mixed_geom_0.6+0.1_w0.2_oracle_s008,2026-06-24T05:30:31.819934Z,toy,full,d58591a6ee,8,mixed_geom_0.6+0.1_w0.2,oracle,2000,5,10,mixture,NA,0.2,0.6,0.1,NA
toy_full_d58591a6ee_mixed_geom_0.6+0.1_w0.2_naive_s008,2026-06-24T05:30:31.845021Z,toy,full,d58591a6ee,8,mixed_geom_0.6+0.1_w0.2,naive,2000,5,10,mixture,NA,0.2,0.6,0.1,NA
toy_full_d58591a6ee_mixed_geom_0.6+0.1_w0.2_causal_labelled_s008,2026-06-24T05:30:31.870560Z,toy,full,d58591a6ee,8,mixed_geom_0.6+0.1_w0.2,causal_labelled,2000,5,10,mixture,NA,0.2,0.6,0.1,NA
toy_full_d58591a6ee_0_delay_oracle_s009,2026-06-24T05:30:31.894156Z,toy,full,d58591a6ee,9,0_delay,oracle,2000,5,10,zero_delay,NA,NA,NA,NA,NA
toy_full_d58591a6ee_0_delay_naive_s009,2026-06-24T05:30:31.920857Z,toy,full,d58591a6ee,9,0_delay,naive,2000,5,10,zero_delay,NA,NA,NA,NA,NA
toy_full_d58591a6ee_0_delay_causal_labelled_s009,2026-06-24T05:30:31.949824Z,toy,full,d58591a6ee,9,0_delay,causal_labelled,2000,5,10,zero_delay,NA,NA,NA,NA,NA
toy_full_d58591a6ee_geom_0.15_oracle_s009,2026-06-24T05:30:31.975281Z,toy,full,d58591a6ee,9,geom_0.15,oracle,2000,5,10,geometric,0.15,NA,NA,NA,NA
toy_full_d58591a6ee_geom_0.15_naive_s009,2026-06-24T05:30:32.005757Z,toy,full,d58591a6ee,9,geom_0.15,naive,2000,5,10,geometric,0.15,NA,NA,NA,NA
toy_full_d58591a6ee_geom_0.15_causal_labelled_s009,2026-06-24T05:30:32.033810Z,toy,full,d58591a6ee,9,geom_0.15,causal_labelled,2000,5,10,geometric,0.15,NA,NA,NA,NA
toy_full_d58591a6ee_piece_0.6to0.15_oracle_s009,2026-06-24T05:30:32.060413Z,toy,full,d58591a6ee,9,piece_0.6to0.15,oracle,2000,5,10,piecewise,NA,NA,NA,NA,1000
toy_full_d58591a6ee_piece_0.6to0.15_naive_s009,2026-06-24T05:30:32.095523Z,toy,full,d58591a6ee,9,piece_0.6to0.15,naive,2000,5,10,piecewise,NA,NA,NA,NA,1000
toy_full_d58591a6ee_piece_0.6to0.15_causal_labelled_s009,2026-06-24T05:30:32.130854Z,toy,full,d58591a6ee,9,piece_0.6to0.15,causal_labelled,2000,5,10,piecewise,NA,NA,NA,NA,1000
toy_full_d58591a6ee_mixed_geom_0.6+0.1_w0.2_oracle_s009,2026-06-24T05:30:32.159634Z,toy,full,d58591a6ee,9,mixed_geom_0.6+0.1_w0.2,oracle,2000,5,10,mixture,NA,0.2,0.6,0.1,NA
toy_full_d58591a6ee_mixed_geom_0.6+0.1_w0.2_naive_s009,2026-06-24T05:30:32.189679Z,toy,full,d58591a6ee,9,mixed_geom_0.6+0.1_w0.2,naive,2000,5,10,mixture,NA,0.2,0.6,0.1,NA
toy_full_d58591a6ee_mixed_geom_0.6+0.1_w0.2_causal_labelled_s009,2026-06-24T05:30:32.217731Z,toy,full,d58591a6ee,9,mixed_geom_0.6+0.1_w0.2,causal_labelled,2000,5,10,mixture,NA,0.2,0.6,0.1,NA
toy_full_d58591a6ee_0_delay_oracle_s010,2026-06-24T05:30:32.243239Z,toy,full,d58591a6ee,10,0_delay,oracle,2000,5,10,zero_delay,NA,NA,NA,NA,NA
toy_full_d58591a6ee_0_delay_naive_s010,2026-06-24T05:30:32.272422Z,toy,full,d58591a6ee,10,0_delay,naive,2000,5,10,zero_delay,NA,NA,NA,NA,NA
toy_full_d58591a6ee_0_delay_causal_labelled_s010,2026-06-24T05:30:32.299964Z,toy,full,d58591a6ee,10,0_delay,causal_labelled,2000,5,10,zero_delay,NA,NA,NA,NA,NA
toy_full_d58591a6ee_geom_0.15_oracle_s010,2026-06-24T05:30:32.325027Z,toy,full,d58591a6ee,10,geom_0.15,oracle,2000,5,10,geometric,0.15,NA,NA,NA,NA
toy_full_d58591a6ee_geom_0.15_naive_s010,2026-06-24T05:30:32.351076Z,toy,full,d58591a6ee,10,geom_0.15,naive,2000,5,10,geometric,0.15,NA,NA,NA,NA
toy_full_d58591a6ee_geom_0.15_causal_labelled_s010,2026-06-24T05:30:32.376131Z,toy,full,d58591a6ee,10,geom_0.15,causal_labelled,2000,5,10,geometric,0.15,NA,NA,NA,NA
toy_full_d58591a6ee_piece_0.6to0.15_oracle_s010,2026-06-24T05:30:32.399664Z,toy,full,d58591a6ee,10,piece_0.6to0.15,oracle,2000,5,10,piecewise,NA,NA,NA,NA,1000
toy_full_d58591a6ee_piece_0.6to0.15_naive_s010,2026-06-24T05:30:32.424345Z,toy,full,d58591a6ee,10,piece_0.6to0.15,naive,2000,5,10,piecewise,NA,NA,NA,NA,1000
toy_full_d58591a6ee_piece_0.6to0.15_causal_labelled_s010,2026-06-24T05:30:32.451925Z,toy,full,d58591a6ee,10,piece_0.6to0.15,causal_labelled,2000,5,10,piecewise,NA,NA,NA,NA,1000
toy_full_d58591a6ee_mixed_geom_0.6+0.1_w0.2_oracle_s010,2026-06-24T05:30:32.478510Z,toy,full,d58591a6ee,10,mixed_geom_0.6+0.1_w0.2,oracle,2000,5,10,mixture,NA,0.2,0.6,0.1,NA
toy_full_d58591a6ee_mixed_geom_0.6+0.1_w0.2_naive_s010,2026-06-24T05:30:32.505562Z,toy,full,d58591a6ee,10,mixed_geom_0.6+0.1_w0.2,naive,2000,5,10,mixture,NA,0.2,0.6,0.1,NA
toy_full_d58591a6ee_mixed_geom_0.6+0.1_w0.2_causal_labelled_s010,2026-06-24T05:30:32.531112Z,toy,full,d58591a6ee,10,mixed_geom_0.6+0.1_w0.2,causal_labelled,2000,5,10,mixture,NA,0.2,0.6,0.1,NA
toy_full_d58591a6ee_0_delay_oracle_s011,2026-06-24T05:30:32.552163Z,toy,full,d58591a6ee,11,0_delay,oracle,2000,5,10,zero_delay,NA,NA,NA,NA,NA
toy_full_d58591a6ee_0_delay_naive_s011,2026-06-24T05:30:32.577264Z,toy,full,d58591a6ee,11,0_delay,naive,2000,5,10,zero_delay,NA,NA,NA,NA,NA
toy_full_d58591a6ee_0_delay_causal_labelled_s011,2026-06-24T05:30:32.604486Z,toy,full,d58591a6ee,11,0_delay,causal_labelled,2000,5,10,zero_delay,NA,NA,NA,NA,NA
toy_full_d58591a6ee_geom_0.15_oracle_s011,2026-06-24T05:30:32.625548Z,toy,full,d58591a6ee,11,geom_0.15,oracle,2000,5,10,geometric,0.15,NA,NA,NA,NA
toy_full_d58591a6ee_geom_0.15_naive_s011,2026-06-24T05:30:32.649596Z,toy,full,d58591a6ee,11,geom_0.15,naive,2000,5,10,geometric,0.15,NA,NA,NA,NA
toy_full_d58591a6ee_geom_0.15_causal_labelled_s011,2026-06-24T05:30:32.675665Z,toy,full,d58591a6ee,11,geom_0.15,causal_labelled,2000,5,10,geometric,0.15,NA,NA,NA,NA
toy_full_d58591a6ee_piece_0.6to0.15_oracle_s011,2026-06-24T05:30:32.699191Z,toy,full,d58591a6ee,11,piece_0.6to0.15,oracle,2000,5,10,piecewise,NA,NA,NA,NA,1000
toy_full_d58591a6ee_piece_0.6to0.15_naive_s011,2026-06-24T05:30:32.722836Z,toy,full,d58591a6ee,11,piece_0.6to0.15,naive,2000,5,10,piecewise,NA,NA,NA,NA,1000
toy_full_d58591a6ee_piece_0.6to0.15_causal_labelled_s011,2026-06-24T05:30:32.751972Z,toy,full,d58591a6ee,11,piece_0.6to0.15,causal_labelled,2000,5,10,piecewise,NA,NA,NA,NA,1000
toy_full_d58591a6ee_mixed_geom_0.6+0.1_w0.2_oracle_s011,2026-06-24T05:30:32.777743Z,toy,full,d58591a6ee,11,mixed_geom_0.6+0.1_w0.2,oracle,2000,5,10,mixture,NA,0.2,0.6,0.1,NA
toy_full_d58591a6ee_mixed_geom_0.6+0.1_w0.2_naive_s011,2026-06-24T05:30:32.804273Z,toy,full,d58591a6ee,11,mixed_geom_0.6+0.1_w0.2,naive,2000,5,10,mixture,NA,0.2,0.6,0.1,NA
toy_full_d58591a6ee_mixed_geom_0.6+0.1_w0.2_causal_labelled_s011,2026-06-24T05:30:32.829341Z,toy,full,d58591a6ee,11,mixed_geom_0.6+0.1_w0.2,causal_labelled,2000,5,10,mixture,NA,0.2,0.6,0.1,NA
toy_full_d58591a6ee_0_delay_oracle_s012,2026-06-24T05:30:32.851402Z,toy,full,d58591a6ee,12,0_delay,oracle,2000,5,10,zero_delay,NA,NA,NA,NA,NA
toy_full_d58591a6ee_0_delay_naive_s012,2026-06-24T05:30:32.877957Z,toy,full,d58591a6ee,12,0_delay,naive,2000,5,10,zero_delay,NA,NA,NA,NA,NA
toy_full_d58591a6ee_0_delay_causal_labelled_s012,2026-06-24T05:30:32.904142Z,toy,full,d58591a6ee,12,0_delay,causal_labelled,2000,5,10,zero_delay,NA,NA,NA,NA,NA
toy_full_d58591a6ee_geom_0.15_oracle_s012,2026-06-24T05:30:32.926197Z,toy,full,d58591a6ee,12,geom_0.15,oracle,2000,5,10,geometric,0.15,NA,NA,NA,NA
toy_full_d58591a6ee_geom_0.15_naive_s012,2026-06-24T05:30:32.958946Z,toy,full,d58591a6ee,12,geom_0.15,naive,2000,5,10,geometric,0.15,NA,NA,NA,NA
toy_full_d58591a6ee_geom_0.15_causal_labelled_s012,2026-06-24T05:30:32.990035Z,toy,full,d58591a6ee,12,geom_0.15,causal_labelled,2000,5,10,geometric,0.15,NA,NA,NA,NA
toy_full_d58591a6ee_piece_0.6to0.15_oracle_s012,2026-06-24T05:30:33.017779Z,toy,full,d58591a6ee,12,piece_0.6to0.15,oracle,2000,5,10,piecewise,NA,NA,NA,NA,1000
toy_full_d58591a6ee_piece_0.6to0.15_naive_s012,2026-06-24T05:30:33.053266Z,toy,full,d58591a6ee,12,piece_0.6to0.15,naive,2000,5,10,piecewise,NA,NA,NA,NA,1000
toy_full_d58591a6ee_piece_0.6to0.15_causal_labelled_s012,2026-06-24T05:30:33.084497Z,toy,full,d58591a6ee,12,piece_0.6to0.15,causal_labelled,2000,5,10,piecewise,NA,NA,NA,NA,1000
toy_full_d58591a6ee_mixed_geom_0.6+0.1_w0.2_oracle_s012,2026-06-24T05:30:33.117749Z,toy,full,d58591a6ee,12,mixed_geom_0.6+0.1_w0.2,oracle,2000,5,10,mixture,NA,0.2,0.6,0.1,NA
toy_full_d58591a6ee_mixed_geom_0.6+0.1_w0.2_naive_s012,2026-06-24T05:30:33.149247Z,toy,full,d58591a6ee,12,mixed_geom_0.6+0.1_w0.2,naive,2000,5,10,mixture,NA,0.2,0.6,0.1,NA
toy_full_d58591a6ee_mixed_geom_0.6+0.1_w0.2_causal_labelled_s012,2026-06-24T05:30:33.182572Z,toy,full,d58591a6ee,12,mixed_geom_0.6+0.1_w0.2,causal_labelled,2000,5,10,mixture,NA,0.2,0.6,0.1,NA
toy_full_d58591a6ee_0_delay_oracle_s013,2026-06-24T05:30:33.217561Z,toy,full,d58591a6ee,13,0_delay,oracle,2000,5,10,zero_delay,NA,NA,NA,NA,NA
toy_full_d58591a6ee_0_delay_naive_s013,2026-06-24T05:30:33.246151Z,toy,full,d58591a6ee,13,0_delay,naive,2000,5,10,zero_delay,NA,NA,NA,NA,NA
toy_full_d58591a6ee_0_delay_causal_labelled_s013,2026-06-24T05:30:33.281212Z,toy,full,d58591a6ee,13,0_delay,causal_labelled,2000,5,10,zero_delay,NA,NA,NA,NA,NA
toy_full_d58591a6ee_geom_0.15_oracle_s013,2026-06-24T05:30:33.305747Z,toy,full,d58591a6ee,13,geom_0.15,oracle,2000,5,10,geometric,0.15,NA,NA,NA,NA
toy_full_d58591a6ee_geom_0.15_naive_s013,2026-06-24T05:30:33.332817Z,toy,full,d58591a6ee,13,geom_0.15,naive,2000,5,10,geometric,0.15,NA,NA,NA,NA
toy_full_d58591a6ee_geom_0.15_causal_labelled_s013,2026-06-24T05:30:33.356970Z,toy,full,d58591a6ee,13,geom_0.15,causal_labelled,2000,5,10,geometric,0.15,NA,NA,NA,NA
toy_full_d58591a6ee_piece_0.6to0.15_oracle_s013,2026-06-24T05:30:33.380884Z,toy,full,d58591a6ee,13,piece_0.6to0.15,oracle,2000,5,10,piecewise,NA,NA,NA,NA,1000
toy_full_d58591a6ee_piece_0.6to0.15_naive_s013,2026-06-24T05:30:33.405947Z,toy,full,d58591a6ee,13,piece_0.6to0.15,naive,2000,5,10,piecewise,NA,NA,NA,NA,1000
toy_full_d58591a6ee_piece_0.6to0.15_causal_labelled_s013,2026-06-24T05:30:33.431503Z,toy,full,d58591a6ee,13,piece_0.6to0.15,causal_labelled,2000,5,10,piecewise,NA,NA,NA,NA,1000
toy_full_d58591a6ee_mixed_geom_0.6+0.1_w0.2_oracle_s013,2026-06-24T05:30:33.454236Z,toy,full,d58591a6ee,13,mixed_geom_0.6+0.1_w0.2,oracle,2000,5,10,mixture,NA,0.2,0.6,0.1,NA
toy_full_d58591a6ee_mixed_geom_0.6+0.1_w0.2_naive_s013,2026-06-24T05:30:33.480292Z,toy,full,d58591a6ee,13,mixed_geom_0.6+0.1_w0.2,naive,2000,5,10,mixture,NA,0.2,0.6,0.1,NA
toy_full_d58591a6ee_mixed_geom_0.6+0.1_w0.2_causal_labelled_s013,2026-06-24T05:30:33.505864Z,toy,full,d58591a6ee,13,mixed_geom_0.6+0.1_w0.2,causal_labelled,2000,5,10,mixture,NA,0.2,0.6,0.1,NA
toy_full_d58591a6ee_0_delay_oracle_s014,2026-06-24T05:30:33.527407Z,toy,full,d58591a6ee,14,0_delay,oracle,2000,5,10,zero_delay,NA,NA,NA,NA,NA
toy_full_d58591a6ee_0_delay_naive_s014,2026-06-24T05:30:33.553462Z,toy,full,d58591a6ee,14,0_delay,naive,2000,5,10,zero_delay,NA,NA,NA,NA,NA
toy_full_d58591a6ee_0_delay_causal_labelled_s014,2026-06-24T05:30:33.580162Z,toy,full,d58591a6ee,14,0_delay,causal_labelled,2000,5,10,zero_delay,NA,NA,NA,NA,NA
toy_full_d58591a6ee_geom_0.15_oracle_s014,2026-06-24T05:30:33.606513Z,toy,full,d58591a6ee,14,geom_0.15,oracle,2000,5,10,geometric,0.15,NA,NA,NA,NA
toy_full_d58591a6ee_geom_0.15_naive_s014,2026-06-24T05:30:33.632072Z,toy,full,d58591a6ee,14,geom_0.15,naive,2000,5,10,geometric,0.15,NA,NA,NA,NA
toy_full_d58591a6ee_geom_0.15_causal_labelled_s014,2026-06-24T05:30:33.656235Z,toy,full,d58591a6ee,14,geom_0.15,causal_labelled,2000,5,10,geometric,0.15,NA,NA,NA,NA
toy_full_d58591a6ee_piece_0.6to0.15_oracle_s014,2026-06-24T05:30:33.681395Z,toy,full,d58591a6ee,14,piece_0.6to0.15,oracle,2000,5,10,piecewise,NA,NA,NA,NA,1000
toy_full_d58591a6ee_piece_0.6to0.15_naive_s014,2026-06-24T05:30:33.706450Z,toy,full,d58591a6ee,14,piece_0.6to0.15,naive,2000,5,10,piecewise,NA,NA,NA,NA,1000
toy_full_d58591a6ee_piece_0.6to0.15_causal_labelled_s014,2026-06-24T05:30:33.732988Z,toy,full,d58591a6ee,14,piece_0.6to0.15,causal_labelled,2000,5,10,piecewise,NA,NA,NA,NA,1000
toy_full_d58591a6ee_mixed_geom_0.6+0.1_w0.2_oracle_s014,2026-06-24T05:30:33.756988Z,toy,full,d58591a6ee,14,mixed_geom_0.6+0.1_w0.2,oracle,2000,5,10,mixture,NA,0.2,0.6,0.1,NA
toy_full_d58591a6ee_mixed_geom_0.6+0.1_w0.2_naive_s014,2026-06-24T05:30:33.780661Z,toy,full,d58591a6ee,14,mixed_geom_0.6+0.1_w0.2,naive,2000,5,10,mixture,NA,0.2,0.6,0.1,NA
toy_full_d58591a6ee_mixed_geom_0.6+0.1_w0.2_causal_labelled_s014,2026-06-24T05:30:33.804411Z,toy,full,d58591a6ee,14,mixed_geom_0.6+0.1_w0.2,causal_labelled,2000,5,10,mixture,NA,0.2,0.6,0.1,NA
toy_full_d58591a6ee_0_delay_oracle_s015,2026-06-24T05:30:33.827545Z,toy,full,d58591a6ee,15,0_delay,oracle,2000,5,10,zero_delay,NA,NA,NA,NA,NA
toy_full_d58591a6ee_0_delay_naive_s015,2026-06-24T05:30:33.855473Z,toy,full,d58591a6ee,15,0_delay,naive,2000,5,10,zero_delay,NA,NA,NA,NA,NA
toy_full_d58591a6ee_0_delay_causal_labelled_s015,2026-06-24T05:30:33.885570Z,toy,full,d58591a6ee,15,0_delay,causal_labelled,2000,5,10,zero_delay,NA,NA,NA,NA,NA
toy_full_d58591a6ee_geom_0.15_oracle_s015,2026-06-24T05:30:33.907523Z,toy,full,d58591a6ee,15,geom_0.15,oracle,2000,5,10,geometric,0.15,NA,NA,NA,NA
toy_full_d58591a6ee_geom_0.15_naive_s015,2026-06-24T05:30:33.934130Z,toy,full,d58591a6ee,15,geom_0.15,naive,2000,5,10,geometric,0.15,NA,NA,NA,NA
toy_full_d58591a6ee_geom_0.15_causal_labelled_s015,2026-06-24T05:30:33.963914Z,toy,full,d58591a6ee,15,geom_0.15,causal_labelled,2000,5,10,geometric,0.15,NA,NA,NA,NA
toy_full_d58591a6ee_piece_0.6to0.15_oracle_s015,2026-06-24T05:30:33.995359Z,toy,full,d58591a6ee,15,piece_0.6to0.15,oracle,2000,5,10,piecewise,NA,NA,NA,NA,1000
toy_full_d58591a6ee_piece_0.6to0.15_naive_s015,2026-06-24T05:30:34.027532Z,toy,full,d58591a6ee,15,piece_0.6to0.15,naive,2000,5,10,piecewise,NA,NA,NA,NA,1000
toy_full_d58591a6ee_piece_0.6to0.15_causal_labelled_s015,2026-06-24T05:30:34.055661Z,toy,full,d58591a6ee,15,piece_0.6to0.15,causal_labelled,2000,5,10,piecewise,NA,NA,NA,NA,1000
toy_full_d58591a6ee_mixed_geom_0.6+0.1_w0.2_oracle_s015,2026-06-24T05:30:34.082213Z,toy,full,d58591a6ee,15,mixed_geom_0.6+0.1_w0.2,oracle,2000,5,10,mixture,NA,0.2,0.6,0.1,NA
toy_full_d58591a6ee_mixed_geom_0.6+0.1_w0.2_naive_s015,2026-06-24T05:30:34.111627Z,toy,full,d58591a6ee,15,mixed_geom_0.6+0.1_w0.2,naive,2000,5,10,mixture,NA,0.2,0.6,0.1,NA
toy_full_d58591a6ee_mixed_geom_0.6+0.1_w0.2_causal_labelled_s015,2026-06-24T05:30:34.147186Z,toy,full,d58591a6ee,15,mixed_geom_0.6+0.1_w0.2,causal_labelled,2000,5,10,mixture,NA,0.2,0.6,0.1,NA
toy_full_d58591a6ee_0_delay_oracle_s016,2026-06-24T05:30:34.174903Z,toy,full,d58591a6ee,16,0_delay,oracle,2000,5,10,zero_delay,NA,NA,NA,NA,NA
toy_full_d58591a6ee_0_delay_naive_s016,2026-06-24T05:30:34.200609Z,toy,full,d58591a6ee,16,0_delay,naive,2000,5,10,zero_delay,NA,NA,NA,NA,NA
toy_full_d58591a6ee_0_delay_causal_labelled_s016,2026-06-24T05:30:34.226693Z,toy,full,d58591a6ee,16,0_delay,causal_labelled,2000,5,10,zero_delay,NA,NA,NA,NA,NA
toy_full_d58591a6ee_geom_0.15_oracle_s016,2026-06-24T05:30:34.251767Z,toy,full,d58591a6ee,16,geom_0.15,oracle,2000,5,10,geometric,0.15,NA,NA,NA,NA
toy_full_d58591a6ee_geom_0.15_naive_s016,2026-06-24T05:30:34.278836Z,toy,full,d58591a6ee,16,geom_0.15,naive,2000,5,10,geometric,0.15,NA,NA,NA,NA
toy_full_d58591a6ee_geom_0.15_causal_labelled_s016,2026-06-24T05:30:34.304364Z,toy,full,d58591a6ee,16,geom_0.15,causal_labelled,2000,5,10,geometric,0.15,NA,NA,NA,NA
toy_full_d58591a6ee_piece_0.6to0.15_oracle_s016,2026-06-24T05:30:34.327438Z,toy,full,d58591a6ee,16,piece_0.6to0.15,oracle,2000,5,10,piecewise,NA,NA,NA,NA,1000
toy_full_d58591a6ee_piece_0.6to0.15_naive_s016,2026-06-24T05:30:34.356020Z,toy,full,d58591a6ee,16,piece_0.6to0.15,naive,2000,5,10,piecewise,NA,NA,NA,NA,1000
toy_full_d58591a6ee_piece_0.6to0.15_causal_labelled_s016,2026-06-24T05:30:34.380563Z,toy,full,d58591a6ee,16,piece_0.6to0.15,causal_labelled,2000,5,10,piecewise,NA,NA,NA,NA,1000
toy_full_d58591a6ee_mixed_geom_0.6+0.1_w0.2_oracle_s016,2026-06-24T05:30:34.403090Z,toy,full,d58591a6ee,16,mixed_geom_0.6+0.1_w0.2,oracle,2000,5,10,mixture,NA,0.2,0.6,0.1,NA
toy_full_d58591a6ee_mixed_geom_0.6+0.1_w0.2_naive_s016,2026-06-24T05:30:34.428342Z,toy,full,d58591a6ee,16,mixed_geom_0.6+0.1_w0.2,naive,2000,5,10,mixture,NA,0.2,0.6,0.1,NA
toy_full_d58591a6ee_mixed_geom_0.6+0.1_w0.2_causal_labelled_s016,2026-06-24T05:30:34.453268Z,toy,full,d58591a6ee,16,mixed_geom_0.6+0.1_w0.2,causal_labelled,2000,5,10,mixture,NA,0.2,0.6,0.1,NA
toy_full_d58591a6ee_0_delay_oracle_s017,2026-06-24T05:30:34.476298Z,toy,full,d58591a6ee,17,0_delay,oracle,2000,5,10,zero_delay,NA,NA,NA,NA,NA
toy_full_d58591a6ee_0_delay_naive_s017,2026-06-24T05:30:34.503013Z,toy,full,d58591a6ee,17,0_delay,naive,2000,5,10,zero_delay,NA,NA,NA,NA,NA
toy_full_d58591a6ee_0_delay_causal_labelled_s017,2026-06-24T05:30:34.530087Z,toy,full,d58591a6ee,17,0_delay,causal_labelled,2000,5,10,zero_delay,NA,NA,NA,NA,NA
toy_full_d58591a6ee_geom_0.15_oracle_s017,2026-06-24T05:30:34.554142Z,toy,full,d58591a6ee,17,geom_0.15,oracle,2000,5,10,geometric,0.15,NA,NA,NA,NA
toy_full_d58591a6ee_geom_0.15_naive_s017,2026-06-24T05:30:34.580839Z,toy,full,d58591a6ee,17,geom_0.15,naive,2000,5,10,geometric,0.15,NA,NA,NA,NA
toy_full_d58591a6ee_geom_0.15_causal_labelled_s017,2026-06-24T05:30:34.611803Z,toy,full,d58591a6ee,17,geom_0.15,causal_labelled,2000,5,10,geometric,0.15,NA,NA,NA,NA
toy_full_d58591a6ee_piece_0.6to0.15_oracle_s017,2026-06-24T05:30:34.635330Z,toy,full,d58591a6ee,17,piece_0.6to0.15,oracle,2000,5,10,piecewise,NA,NA,NA,NA,1000
toy_full_d58591a6ee_piece_0.6to0.15_naive_s017,2026-06-24T05:30:34.659903Z,toy,full,d58591a6ee,17,piece_0.6to0.15,naive,2000,5,10,piecewise,NA,NA,NA,NA,1000
toy_full_d58591a6ee_piece_0.6to0.15_causal_labelled_s017,2026-06-24T05:30:34.686437Z,toy,full,d58591a6ee,17,piece_0.6to0.15,causal_labelled,2000,5,10,piecewise,NA,NA,NA,NA,1000
toy_full_d58591a6ee_mixed_geom_0.6+0.1_w0.2_oracle_s017,2026-06-24T05:30:34.708514Z,toy,full,d58591a6ee,17,mixed_geom_0.6+0.1_w0.2,oracle,2000,5,10,mixture,NA,0.2,0.6,0.1,NA
toy_full_d58591a6ee_mixed_geom_0.6+0.1_w0.2_naive_s017,2026-06-24T05:30:34.733042Z,toy,full,d58591a6ee,17,mixed_geom_0.6+0.1_w0.2,naive,2000,5,10,mixture,NA,0.2,0.6,0.1,NA
toy_full_d58591a6ee_mixed_geom_0.6+0.1_w0.2_causal_labelled_s017,2026-06-24T05:30:34.759911Z,toy,full,d58591a6ee,17,mixed_geom_0.6+0.1_w0.2,causal_labelled,2000,5,10,mixture,NA,0.2,0.6,0.1,NA
toy_full_d58591a6ee_0_delay_oracle_s018,2026-06-24T05:30:34.782642Z,toy,full,d58591a6ee,18,0_delay,oracle,2000,5,10,zero_delay,NA,NA,NA,NA,NA
toy_full_d58591a6ee_0_delay_naive_s018,2026-06-24T05:30:34.810078Z,toy,full,d58591a6ee,18,0_delay,naive,2000,5,10,zero_delay,NA,NA,NA,NA,NA
toy_full_d58591a6ee_0_delay_causal_labelled_s018,2026-06-24T05:30:34.836607Z,toy,full,d58591a6ee,18,0_delay,causal_labelled,2000,5,10,zero_delay,NA,NA,NA,NA,NA
toy_full_d58591a6ee_geom_0.15_oracle_s018,2026-06-24T05:30:34.860193Z,toy,full,d58591a6ee,18,geom_0.15,oracle,2000,5,10,geometric,0.15,NA,NA,NA,NA
toy_full_d58591a6ee_geom_0.15_naive_s018,2026-06-24T05:30:34.884724Z,toy,full,d58591a6ee,18,geom_0.15,naive,2000,5,10,geometric,0.15,NA,NA,NA,NA
toy_full_d58591a6ee_geom_0.15_causal_labelled_s018,2026-06-24T05:30:34.909546Z,toy,full,d58591a6ee,18,geom_0.15,causal_labelled,2000,5,10,geometric,0.15,NA,NA,NA,NA
toy_full_d58591a6ee_piece_0.6to0.15_oracle_s018,2026-06-24T05:30:34.932309Z,toy,full,d58591a6ee,18,piece_0.6to0.15,oracle,2000,5,10,piecewise,NA,NA,NA,NA,1000
toy_full_d58591a6ee_piece_0.6to0.15_naive_s018,2026-06-24T05:30:34.963583Z,toy,full,d58591a6ee,18,piece_0.6to0.15,naive,2000,5,10,piecewise,NA,NA,NA,NA,1000
toy_full_d58591a6ee_piece_0.6to0.15_causal_labelled_s018,2026-06-24T05:30:34.999963Z,toy,full,d58591a6ee,18,piece_0.6to0.15,causal_labelled,2000,5,10,piecewise,NA,NA,NA,NA,1000
toy_full_d58591a6ee_mixed_geom_0.6+0.1_w0.2_oracle_s018,2026-06-24T05:30:35.027478Z,toy,full,d58591a6ee,18,mixed_geom_0.6+0.1_w0.2,oracle,2000,5,10,mixture,NA,0.2,0.6,0.1,NA
toy_full_d58591a6ee_mixed_geom_0.6+0.1_w0.2_naive_s018,2026-06-24T05:30:35.058087Z,toy,full,d58591a6ee,18,mixed_geom_0.6+0.1_w0.2,naive,2000,5,10,mixture,NA,0.2,0.6,0.1,NA
toy_full_d58591a6ee_mixed_geom_0.6+0.1_w0.2_causal_labelled_s018,2026-06-24T05:30:35.085830Z,toy,full,d58591a6ee,18,mixed_geom_0.6+0.1_w0.2,causal_labelled,2000,5,10,mixture,NA,0.2,0.6,0.1,NA
toy_full_d58591a6ee_0_delay_oracle_s019,2026-06-24T05:30:35.117668Z,toy,full,d58591a6ee,19,0_delay,oracle,2000,5,10,zero_delay,NA,NA,NA,NA,NA
toy_full_d58591a6ee_0_delay_naive_s019,2026-06-24T05:30:35.149035Z,toy,full,d58591a6ee,19,0_delay,naive,2000,5,10,zero_delay,NA,NA,NA,NA,NA
toy_full_d58591a6ee_0_delay_causal_labelled_s019,2026-06-24T05:30:35.179075Z,toy,full,d58591a6ee,19,0_delay,causal_labelled,2000,5,10,zero_delay,NA,NA,NA,NA,NA
toy_full_d58591a6ee_geom_0.15_oracle_s019,2026-06-24T05:30:35.207158Z,toy,full,d58591a6ee,19,geom_0.15,oracle,2000,5,10,geometric,0.15,NA,NA,NA,NA
toy_full_d58591a6ee_geom_0.15_naive_s019,2026-06-24T05:30:35.231698Z,toy,full,d58591a6ee,19,geom_0.15,naive,2000,5,10,geometric,0.15,NA,NA,NA,NA
toy_full_d58591a6ee_geom_0.15_causal_labelled_s019,2026-06-24T05:30:35.261332Z,toy,full,d58591a6ee,19,geom_0.15,causal_labelled,2000,5,10,geometric,0.15,NA,NA,NA,NA
toy_full_d58591a6ee_piece_0.6to0.15_oracle_s019,2026-06-24T05:30:35.287104Z,toy,full,d58591a6ee,19,piece_0.6to0.15,oracle,2000,5,10,piecewise,NA,NA,NA,NA,1000
toy_full_d58591a6ee_piece_0.6to0.15_naive_s019,2026-06-24T05:30:35.312745Z,toy,full,d58591a6ee,19,piece_0.6to0.15,naive,2000,5,10,piecewise,NA,NA,NA,NA,1000
toy_full_d58591a6ee_piece_0.6to0.15_causal_labelled_s019,2026-06-24T05:30:35.338037Z,toy,full,d58591a6ee,19,piece_0.6to0.15,causal_labelled,2000,5,10,piecewise,NA,NA,NA,NA,1000
toy_full_d58591a6ee_mixed_geom_0.6+0.1_w0.2_oracle_s019,2026-06-24T05:30:35.360207Z,toy,full,d58591a6ee,19,mixed_geom_0.6+0.1_w0.2,oracle,2000,5,10,mixture,NA,0.2,0.6,0.1,NA
toy_full_d58591a6ee_mixed_geom_0.6+0.1_w0.2_naive_s019,2026-06-24T05:30:35.385758Z,toy,full,d58591a6ee,19,mixed_geom_0.6+0.1_w0.2,naive,2000,5,10,mixture,NA,0.2,0.6,0.1,NA
toy_full_d58591a6ee_mixed_geom_0.6+0.1_w0.2_causal_labelled_s019,2026-06-24T05:30:35.412830Z,toy,full,d58591a6ee,19,mixed_geom_0.6+0.1_w0.2,causal_labelled,2000,5,10,mixture,NA,0.2,0.6,0.1,NA
toy_full_d58591a6ee_0_delay_oracle_s020,2026-06-24T05:30:35.438877Z,toy,full,d58591a6ee,20,0_delay,oracle,2000,5,10,zero_delay,NA,NA,NA,NA,NA
toy_full_d58591a6ee_0_delay_naive_s020,2026-06-24T05:30:35.465968Z,toy,full,d58591a6ee,20,0_delay,naive,2000,5,10,zero_delay,NA,NA,NA,NA,NA
toy_full_d58591a6ee_0_delay_causal_labelled_s020,2026-06-24T05:30:35.496936Z,toy,full,d58591a6ee,20,0_delay,causal_labelled,2000,5,10,zero_delay,NA,NA,NA,NA,NA
toy_full_d58591a6ee_geom_0.15_oracle_s020,2026-06-24T05:30:35.526490Z,toy,full,d58591a6ee,20,geom_0.15,oracle,2000,5,10,geometric,0.15,NA,NA,NA,NA
toy_full_d58591a6ee_geom_0.15_naive_s020,2026-06-24T05:30:35.551538Z,toy,full,d58591a6ee,20,geom_0.15,naive,2000,5,10,geometric,0.15,NA,NA,NA,NA
toy_full_d58591a6ee_geom_0.15_causal_labelled_s020,2026-06-24T05:30:35.578182Z,toy,full,d58591a6ee,20,geom_0.15,causal_labelled,2000,5,10,geometric,0.15,NA,NA,NA,NA
toy_full_d58591a6ee_piece_0.6to0.15_oracle_s020,2026-06-24T05:30:35.601981Z,toy,full,d58591a6ee,20,piece_0.6to0.15,oracle,2000,5,10,piecewise,NA,NA,NA,NA,1000
toy_full_d58591a6ee_piece_0.6to0.15_naive_s020,2026-06-24T05:30:35.626472Z,toy,full,d58591a6ee,20,piece_0.6to0.15,naive,2000,5,10,piecewise,NA,NA,NA,NA,1000
toy_full_d58591a6ee_piece_0.6to0.15_causal_labelled_s020,2026-06-24T05:30:35.651855Z,toy,full,d58591a6ee,20,piece_0.6to0.15,causal_labelled,2000,5,10,piecewise,NA,NA,NA,NA,1000
toy_full_d58591a6ee_mixed_geom_0.6+0.1_w0.2_oracle_s020,2026-06-24T05:30:35.680267Z,toy,full,d58591a6ee,20,mixed_geom_0.6+0.1_w0.2,oracle,2000,5,10,mixture,NA,0.2,0.6,0.1,NA
toy_full_d58591a6ee_mixed_geom_0.6+0.1_w0.2_naive_s020,2026-06-24T05:30:35.707594Z,toy,full,d58591a6ee,20,mixed_geom_0.6+0.1_w0.2,naive,2000,5,10,mixture,NA,0.2,0.6,0.1,NA
toy_full_d58591a6ee_mixed_geom_0.6+0.1_w0.2_causal_labelled_s020,2026-06-24T05:30:35.737975Z,toy,full,d58591a6ee,20,mixed_geom_0.6+0.1_w0.2,causal_labelled,2000,5,10,mixture,NA,0.2,0.6,0.1,NA
toy_full_d58591a6ee_0_delay_oracle_s021,2026-06-24T05:30:35.761715Z,toy,full,d58591a6ee,21,0_delay,oracle,2000,5,10,zero_delay,NA,NA,NA,NA,NA
toy_full_d58591a6ee_0_delay_naive_s021,2026-06-24T05:30:35.794906Z,toy,full,d58591a6ee,21,0_delay,naive,2000,5,10,zero_delay,NA,NA,NA,NA,NA
toy_full_d58591a6ee_0_delay_causal_labelled_s021,2026-06-24T05:30:35.823379Z,toy,full,d58591a6ee,21,0_delay,causal_labelled,2000,5,10,zero_delay,NA,NA,NA,NA,NA
toy_full_d58591a6ee_geom_0.15_oracle_s021,2026-06-24T05:30:35.848440Z,toy,full,d58591a6ee,21,geom_0.15,oracle,2000,5,10,geometric,0.15,NA,NA,NA,NA
toy_full_d58591a6ee_geom_0.15_naive_s021,2026-06-24T05:30:35.874122Z,toy,full,d58591a6ee,21,geom_0.15,naive,2000,5,10,geometric,0.15,NA,NA,NA,NA
toy_full_d58591a6ee_geom_0.15_causal_labelled_s021,2026-06-24T05:30:35.900122Z,toy,full,d58591a6ee,21,geom_0.15,causal_labelled,2000,5,10,geometric,0.15,NA,NA,NA,NA
toy_full_d58591a6ee_piece_0.6to0.15_oracle_s021,2026-06-24T05:30:35.925204Z,toy,full,d58591a6ee,21,piece_0.6to0.15,oracle,2000,5,10,piecewise,NA,NA,NA,NA,1000
toy_full_d58591a6ee_piece_0.6to0.15_naive_s021,2026-06-24T05:30:35.952318Z,toy,full,d58591a6ee,21,piece_0.6to0.15,naive,2000,5,10,piecewise,NA,NA,NA,NA,1000
toy_full_d58591a6ee_piece_0.6to0.15_causal_labelled_s021,2026-06-24T05:30:35.979307Z,toy,full,d58591a6ee,21,piece_0.6to0.15,causal_labelled,2000,5,10,piecewise,NA,NA,NA,NA,1000
toy_full_d58591a6ee_mixed_geom_0.6+0.1_w0.2_oracle_s021,2026-06-24T05:30:36.009203Z,toy,full,d58591a6ee,21,mixed_geom_0.6+0.1_w0.2,oracle,2000,5,10,mixture,NA,0.2,0.6,0.1,NA
toy_full_d58591a6ee_mixed_geom_0.6+0.1_w0.2_naive_s021,2026-06-24T05:30:36.041500Z,toy,full,d58591a6ee,21,mixed_geom_0.6+0.1_w0.2,naive,2000,5,10,mixture,NA,0.2,0.6,0.1,NA
toy_full_d58591a6ee_mixed_geom_0.6+0.1_w0.2_causal_labelled_s021,2026-06-24T05:30:36.077692Z,toy,full,d58591a6ee,21,mixed_geom_0.6+0.1_w0.2,causal_labelled,2000,5,10,mixture,NA,0.2,0.6,0.1,NA
toy_full_d58591a6ee_0_delay_oracle_s022,2026-06-24T05:30:36.106776Z,toy,full,d58591a6ee,22,0_delay,oracle,2000,5,10,zero_delay,NA,NA,NA,NA,NA
toy_full_d58591a6ee_0_delay_naive_s022,2026-06-24T05:30:36.141435Z,toy,full,d58591a6ee,22,0_delay,naive,2000,5,10,zero_delay,NA,NA,NA,NA,NA
toy_full_d58591a6ee_0_delay_causal_labelled_s022,2026-06-24T05:30:36.173163Z,toy,full,d58591a6ee,22,0_delay,causal_labelled,2000,5,10,zero_delay,NA,NA,NA,NA,NA
toy_full_d58591a6ee_geom_0.15_oracle_s022,2026-06-24T05:30:36.204775Z,toy,full,d58591a6ee,22,geom_0.15,oracle,2000,5,10,geometric,0.15,NA,NA,NA,NA
toy_full_d58591a6ee_geom_0.15_naive_s022,2026-06-24T05:30:36.234673Z,toy,full,d58591a6ee,22,geom_0.15,naive,2000,5,10,geometric,0.15,NA,NA,NA,NA
toy_full_d58591a6ee_geom_0.15_causal_labelled_s022,2026-06-24T05:30:36.265449Z,toy,full,d58591a6ee,22,geom_0.15,causal_labelled,2000,5,10,geometric,0.15,NA,NA,NA,NA
toy_full_d58591a6ee_piece_0.6to0.15_oracle_s022,2026-06-24T05:30:36.294874Z,toy,full,d58591a6ee,22,piece_0.6to0.15,oracle,2000,5,10,piecewise,NA,NA,NA,NA,1000
toy_full_d58591a6ee_piece_0.6to0.15_naive_s022,2026-06-24T05:30:36.322924Z,toy,full,d58591a6ee,22,piece_0.6to0.15,naive,2000,5,10,piecewise,NA,NA,NA,NA,1000
toy_full_d58591a6ee_piece_0.6to0.15_causal_labelled_s022,2026-06-24T05:30:36.352839Z,toy,full,d58591a6ee,22,piece_0.6to0.15,causal_labelled,2000,5,10,piecewise,NA,NA,NA,NA,1000
toy_full_d58591a6ee_mixed_geom_0.6+0.1_w0.2_oracle_s022,2026-06-24T05:30:36.375901Z,toy,full,d58591a6ee,22,mixed_geom_0.6+0.1_w0.2,oracle,2000,5,10,mixture,NA,0.2,0.6,0.1,NA
toy_full_d58591a6ee_mixed_geom_0.6+0.1_w0.2_naive_s022,2026-06-24T05:30:36.403707Z,toy,full,d58591a6ee,22,mixed_geom_0.6+0.1_w0.2,naive,2000,5,10,mixture,NA,0.2,0.6,0.1,NA
toy_full_d58591a6ee_mixed_geom_0.6+0.1_w0.2_causal_labelled_s022,2026-06-24T05:30:36.428326Z,toy,full,d58591a6ee,22,mixed_geom_0.6+0.1_w0.2,causal_labelled,2000,5,10,mixture,NA,0.2,0.6,0.1,NA
toy_full_d58591a6ee_0_delay_oracle_s023,2026-06-24T05:30:36.453140Z,toy,full,d58591a6ee,23,0_delay,oracle,2000,5,10,zero_delay,NA,NA,NA,NA,NA
toy_full_d58591a6ee_0_delay_naive_s023,2026-06-24T05:30:36.482212Z,toy,full,d58591a6ee,23,0_delay,naive,2000,5,10,zero_delay,NA,NA,NA,NA,NA
toy_full_d58591a6ee_0_delay_causal_labelled_s023,2026-06-24T05:30:36.507977Z,toy,full,d58591a6ee,23,0_delay,causal_labelled,2000,5,10,zero_delay,NA,NA,NA,NA,NA
toy_full_d58591a6ee_geom_0.15_oracle_s023,2026-06-24T05:30:36.531045Z,toy,full,d58591a6ee,23,geom_0.15,oracle,2000,5,10,geometric,0.15,NA,NA,NA,NA
toy_full_d58591a6ee_geom_0.15_naive_s023,2026-06-24T05:30:36.556623Z,toy,full,d58591a6ee,23,geom_0.15,naive,2000,5,10,geometric,0.15,NA,NA,NA,NA
toy_full_d58591a6ee_geom_0.15_causal_labelled_s023,2026-06-24T05:30:36.585461Z,toy,full,d58591a6ee,23,geom_0.15,causal_labelled,2000,5,10,geometric,0.15,NA,NA,NA,NA
toy_full_d58591a6ee_piece_0.6to0.15_oracle_s023,2026-06-24T05:30:36.609493Z,toy,full,d58591a6ee,23,piece_0.6to0.15,oracle,2000,5,10,piecewise,NA,NA,NA,NA,1000
toy_full_d58591a6ee_piece_0.6to0.15_naive_s023,2026-06-24T05:30:36.634236Z,toy,full,d58591a6ee,23,piece_0.6to0.15,naive,2000,5,10,piecewise,NA,NA,NA,NA,1000
toy_full_d58591a6ee_piece_0.6to0.15_causal_labelled_s023,2026-06-24T05:30:36.660887Z,toy,full,d58591a6ee,23,piece_0.6to0.15,causal_labelled,2000,5,10,piecewise,NA,NA,NA,NA,1000
toy_full_d58591a6ee_mixed_geom_0.6+0.1_w0.2_oracle_s023,2026-06-24T05:30:36.685679Z,toy,full,d58591a6ee,23,mixed_geom_0.6+0.1_w0.2,oracle,2000,5,10,mixture,NA,0.2,0.6,0.1,NA
toy_full_d58591a6ee_mixed_geom_0.6+0.1_w0.2_naive_s023,2026-06-24T05:30:36.709474Z,toy,full,d58591a6ee,23,mixed_geom_0.6+0.1_w0.2,naive,2000,5,10,mixture,NA,0.2,0.6,0.1,NA
toy_full_d58591a6ee_mixed_geom_0.6+0.1_w0.2_causal_labelled_s023,2026-06-24T05:30:36.735243Z,toy,full,d58591a6ee,23,mixed_geom_0.6+0.1_w0.2,causal_labelled,2000,5,10,mixture,NA,0.2,0.6,0.1,NA
toy_full_d58591a6ee_0_delay_oracle_s024,2026-06-24T05:30:36.758369Z,toy,full,d58591a6ee,24,0_delay,oracle,2000,5,10,zero_delay,NA,NA,NA,NA,NA
toy_full_d58591a6ee_0_delay_naive_s024,2026-06-24T05:30:36.790329Z,toy,full,d58591a6ee,24,0_delay,naive,2000,5,10,zero_delay,NA,NA,NA,NA,NA
toy_full_d58591a6ee_0_delay_causal_labelled_s024,2026-06-24T05:30:36.820455Z,toy,full,d58591a6ee,24,0_delay,causal_labelled,2000,5,10,zero_delay,NA,NA,NA,NA,NA
toy_full_d58591a6ee_geom_0.15_oracle_s024,2026-06-24T05:30:36.847524Z,toy,full,d58591a6ee,24,geom_0.15,oracle,2000,5,10,geometric,0.15,NA,NA,NA,NA
toy_full_d58591a6ee_geom_0.15_naive_s024,2026-06-24T05:30:36.874232Z,toy,full,d58591a6ee,24,geom_0.15,naive,2000,5,10,geometric,0.15,NA,NA,NA,NA
toy_full_d58591a6ee_geom_0.15_causal_labelled_s024,2026-06-24T05:30:36.900761Z,toy,full,d58591a6ee,24,geom_0.15,causal_labelled,2000,5,10,geometric,0.15,NA,NA,NA,NA
toy_full_d58591a6ee_piece_0.6to0.15_oracle_s024,2026-06-24T05:30:36.923825Z,toy,full,d58591a6ee,24,piece_0.6to0.15,oracle,2000,5,10,piecewise,NA,NA,NA,NA,1000
toy_full_d58591a6ee_piece_0.6to0.15_naive_s024,2026-06-24T05:30:36.950156Z,toy,full,d58591a6ee,24,piece_0.6to0.15,naive,2000,5,10,piecewise,NA,NA,NA,NA,1000
toy_full_d58591a6ee_piece_0.6to0.15_causal_labelled_s024,2026-06-24T05:30:36.978628Z,toy,full,d58591a6ee,24,piece_0.6to0.15,causal_labelled,2000,5,10,piecewise,NA,NA,NA,NA,1000
toy_full_d58591a6ee_mixed_geom_0.6+0.1_w0.2_oracle_s024,2026-06-24T05:30:37.002024Z,toy,full,d58591a6ee,24,mixed_geom_0.6+0.1_w0.2,oracle,2000,5,10,mixture,NA,0.2,0.6,0.1,NA
toy_full_d58591a6ee_mixed_geom_0.6+0.1_w0.2_naive_s024,2026-06-24T05:30:37.033230Z,toy,full,d58591a6ee,24,mixed_geom_0.6+0.1_w0.2,naive,2000,5,10,mixture,NA,0.2,0.6,0.1,NA
toy_full_d58591a6ee_mixed_geom_0.6+0.1_w0.2_causal_labelled_s024,2026-06-24T05:30:37.063589Z,toy,full,d58591a6ee,24,mixed_geom_0.6+0.1_w0.2,causal_labelled,2000,5,10,mixture,NA,0.2,0.6,0.1,NA
toy_full_d58591a6ee_0_delay_oracle_s025,2026-06-24T05:30:37.091672Z,toy,full,d58591a6ee,25,0_delay,oracle,2000,5,10,zero_delay,NA,NA,NA,NA,NA
toy_full_d58591a6ee_0_delay_naive_s025,2026-06-24T05:30:37.121878Z,toy,full,d58591a6ee,25,0_delay,naive,2000,5,10,zero_delay,NA,NA,NA,NA,NA
toy_full_d58591a6ee_0_delay_causal_labelled_s025,2026-06-24T05:30:37.151125Z,toy,full,d58591a6ee,25,0_delay,causal_labelled,2000,5,10,zero_delay,NA,NA,NA,NA,NA
toy_full_d58591a6ee_geom_0.15_oracle_s025,2026-06-24T05:30:37.174136Z,toy,full,d58591a6ee,25,geom_0.15,oracle,2000,5,10,geometric,0.15,NA,NA,NA,NA
toy_full_d58591a6ee_geom_0.15_naive_s025,2026-06-24T05:30:37.203681Z,toy,full,d58591a6ee,25,geom_0.15,naive,2000,5,10,geometric,0.15,NA,NA,NA,NA
toy_full_d58591a6ee_geom_0.15_causal_labelled_s025,2026-06-24T05:30:37.229738Z,toy,full,d58591a6ee,25,geom_0.15,causal_labelled,2000,5,10,geometric,0.15,NA,NA,NA,NA
toy_full_d58591a6ee_piece_0.6to0.15_oracle_s025,2026-06-24T05:30:37.253804Z,toy,full,d58591a6ee,25,piece_0.6to0.15,oracle,2000,5,10,piecewise,NA,NA,NA,NA,1000
toy_full_d58591a6ee_piece_0.6to0.15_naive_s025,2026-06-24T05:30:37.279788Z,toy,full,d58591a6ee,25,piece_0.6to0.15,naive,2000,5,10,piecewise,NA,NA,NA,NA,1000
toy_full_d58591a6ee_piece_0.6to0.15_causal_labelled_s025,2026-06-24T05:30:37.305844Z,toy,full,d58591a6ee,25,piece_0.6to0.15,causal_labelled,2000,5,10,piecewise,NA,NA,NA,NA,1000
toy_full_d58591a6ee_mixed_geom_0.6+0.1_w0.2_oracle_s025,2026-06-24T05:30:37.328006Z,toy,full,d58591a6ee,25,mixed_geom_0.6+0.1_w0.2,oracle,2000,5,10,mixture,NA,0.2,0.6,0.1,NA
toy_full_d58591a6ee_mixed_geom_0.6+0.1_w0.2_naive_s025,2026-06-24T05:30:37.353058Z,toy,full,d58591a6ee,25,mixed_geom_0.6+0.1_w0.2,naive,2000,5,10,mixture,NA,0.2,0.6,0.1,NA
toy_full_d58591a6ee_mixed_geom_0.6+0.1_w0.2_causal_labelled_s025,2026-06-24T05:30:37.377112Z,toy,full,d58591a6ee,25,mixed_geom_0.6+0.1_w0.2,causal_labelled,2000,5,10,mixture,NA,0.2,0.6,0.1,NA
toy_full_d58591a6ee_0_delay_oracle_s026,2026-06-24T05:30:37.399647Z,toy,full,d58591a6ee,26,0_delay,oracle,2000,5,10,zero_delay,NA,NA,NA,NA,NA
toy_full_d58591a6ee_0_delay_naive_s026,2026-06-24T05:30:37.424720Z,toy,full,d58591a6ee,26,0_delay,naive,2000,5,10,zero_delay,NA,NA,NA,NA,NA
toy_full_d58591a6ee_0_delay_causal_labelled_s026,2026-06-24T05:30:37.452781Z,toy,full,d58591a6ee,26,0_delay,causal_labelled,2000,5,10,zero_delay,NA,NA,NA,NA,NA
toy_full_d58591a6ee_geom_0.15_oracle_s026,2026-06-24T05:30:37.474849Z,toy,full,d58591a6ee,26,geom_0.15,oracle,2000,5,10,geometric,0.15,NA,NA,NA,NA
toy_full_d58591a6ee_geom_0.15_naive_s026,2026-06-24T05:30:37.500382Z,toy,full,d58591a6ee,26,geom_0.15,naive,2000,5,10,geometric,0.15,NA,NA,NA,NA
toy_full_d58591a6ee_geom_0.15_causal_labelled_s026,2026-06-24T05:30:37.523465Z,toy,full,d58591a6ee,26,geom_0.15,causal_labelled,2000,5,10,geometric,0.15,NA,NA,NA,NA
toy_full_d58591a6ee_piece_0.6to0.15_oracle_s026,2026-06-24T05:30:37.546993Z,toy,full,d58591a6ee,26,piece_0.6to0.15,oracle,2000,5,10,piecewise,NA,NA,NA,NA,1000
toy_full_d58591a6ee_piece_0.6to0.15_naive_s026,2026-06-24T05:30:37.574583Z,toy,full,d58591a6ee,26,piece_0.6to0.15,naive,2000,5,10,piecewise,NA,NA,NA,NA,1000
toy_full_d58591a6ee_piece_0.6to0.15_causal_labelled_s026,2026-06-24T05:30:37.598595Z,toy,full,d58591a6ee,26,piece_0.6to0.15,causal_labelled,2000,5,10,piecewise,NA,NA,NA,NA,1000
toy_full_d58591a6ee_mixed_geom_0.6+0.1_w0.2_oracle_s026,2026-06-24T05:30:37.622663Z,toy,full,d58591a6ee,26,mixed_geom_0.6+0.1_w0.2,oracle,2000,5,10,mixture,NA,0.2,0.6,0.1,NA
toy_full_d58591a6ee_mixed_geom_0.6+0.1_w0.2_naive_s026,2026-06-24T05:30:37.646314Z,toy,full,d58591a6ee,26,mixed_geom_0.6+0.1_w0.2,naive,2000,5,10,mixture,NA,0.2,0.6,0.1,NA
toy_full_d58591a6ee_mixed_geom_0.6+0.1_w0.2_causal_labelled_s026,2026-06-24T05:30:37.672376Z,toy,full,d58591a6ee,26,mixed_geom_0.6+0.1_w0.2,causal_labelled,2000,5,10,mixture,NA,0.2,0.6,0.1,NA
toy_full_d58591a6ee_0_delay_oracle_s027,2026-06-24T05:30:37.694446Z,toy,full,d58591a6ee,27,0_delay,oracle,2000,5,10,zero_delay,NA,NA,NA,NA,NA
toy_full_d58591a6ee_0_delay_naive_s027,2026-06-24T05:30:37.720852Z,toy,full,d58591a6ee,27,0_delay,naive,2000,5,10,zero_delay,NA,NA,NA,NA,NA
toy_full_d58591a6ee_0_delay_causal_labelled_s027,2026-06-24T05:30:37.746105Z,toy,full,d58591a6ee,27,0_delay,causal_labelled,2000,5,10,zero_delay,NA,NA,NA,NA,NA
toy_full_d58591a6ee_geom_0.15_oracle_s027,2026-06-24T05:30:37.768171Z,toy,full,d58591a6ee,27,geom_0.15,oracle,2000,5,10,geometric,0.15,NA,NA,NA,NA
toy_full_d58591a6ee_geom_0.15_naive_s027,2026-06-24T05:30:37.791810Z,toy,full,d58591a6ee,27,geom_0.15,naive,2000,5,10,geometric,0.15,NA,NA,NA,NA
toy_full_d58591a6ee_geom_0.15_causal_labelled_s027,2026-06-24T05:30:37.816564Z,toy,full,d58591a6ee,27,geom_0.15,causal_labelled,2000,5,10,geometric,0.15,NA,NA,NA,NA
toy_full_d58591a6ee_piece_0.6to0.15_oracle_s027,2026-06-24T05:30:37.839638Z,toy,full,d58591a6ee,27,piece_0.6to0.15,oracle,2000,5,10,piecewise,NA,NA,NA,NA,1000
toy_full_d58591a6ee_piece_0.6to0.15_naive_s027,2026-06-24T05:30:37.864695Z,toy,full,d58591a6ee,27,piece_0.6to0.15,naive,2000,5,10,piecewise,NA,NA,NA,NA,1000
toy_full_d58591a6ee_piece_0.6to0.15_causal_labelled_s027,2026-06-24T05:30:37.890757Z,toy,full,d58591a6ee,27,piece_0.6to0.15,causal_labelled,2000,5,10,piecewise,NA,NA,NA,NA,1000
toy_full_d58591a6ee_mixed_geom_0.6+0.1_w0.2_oracle_s027,2026-06-24T05:30:37.914292Z,toy,full,d58591a6ee,27,mixed_geom_0.6+0.1_w0.2,oracle,2000,5,10,mixture,NA,0.2,0.6,0.1,NA
toy_full_d58591a6ee_mixed_geom_0.6+0.1_w0.2_naive_s027,2026-06-24T05:30:37.937826Z,toy,full,d58591a6ee,27,mixed_geom_0.6+0.1_w0.2,naive,2000,5,10,mixture,NA,0.2,0.6,0.1,NA
toy_full_d58591a6ee_mixed_geom_0.6+0.1_w0.2_causal_labelled_s027,2026-06-24T05:30:37.961995Z,toy,full,d58591a6ee,27,mixed_geom_0.6+0.1_w0.2,causal_labelled,2000,5,10,mixture,NA,0.2,0.6,0.1,NA
toy_full_d58591a6ee_0_delay_oracle_s028,2026-06-24T05:30:37.985548Z,toy,full,d58591a6ee,28,0_delay,oracle,2000,5,10,zero_delay,NA,NA,NA,NA,NA
toy_full_d58591a6ee_0_delay_naive_s028,2026-06-24T05:30:38.014151Z,toy,full,d58591a6ee,28,0_delay,naive,2000,5,10,zero_delay,NA,NA,NA,NA,NA
toy_full_d58591a6ee_0_delay_causal_labelled_s028,2026-06-24T05:30:38.048016Z,toy,full,d58591a6ee,28,0_delay,causal_labelled,2000,5,10,zero_delay,NA,NA,NA,NA,NA
toy_full_d58591a6ee_geom_0.15_oracle_s028,2026-06-24T05:30:38.077211Z,toy,full,d58591a6ee,28,geom_0.15,oracle,2000,5,10,geometric,0.15,NA,NA,NA,NA
toy_full_d58591a6ee_geom_0.15_naive_s028,2026-06-24T05:30:38.105758Z,toy,full,d58591a6ee,28,geom_0.15,naive,2000,5,10,geometric,0.15,NA,NA,NA,NA
toy_full_d58591a6ee_geom_0.15_causal_labelled_s028,2026-06-24T05:30:38.137501Z,toy,full,d58591a6ee,28,geom_0.15,causal_labelled,2000,5,10,geometric,0.15,NA,NA,NA,NA
toy_full_d58591a6ee_piece_0.6to0.15_oracle_s028,2026-06-24T05:30:38.173492Z,toy,full,d58591a6ee,28,piece_0.6to0.15,oracle,2000,5,10,piecewise,NA,NA,NA,NA,1000
toy_full_d58591a6ee_piece_0.6to0.15_naive_s028,2026-06-24T05:30:38.203619Z,toy,full,d58591a6ee,28,piece_0.6to0.15,naive,2000,5,10,piecewise,NA,NA,NA,NA,1000
toy_full_d58591a6ee_piece_0.6to0.15_causal_labelled_s028,2026-06-24T05:30:38.246694Z,toy,full,d58591a6ee,28,piece_0.6to0.15,causal_labelled,2000,5,10,piecewise,NA,NA,NA,NA,1000
toy_full_d58591a6ee_mixed_geom_0.6+0.1_w0.2_oracle_s028,2026-06-24T05:30:38.279270Z,toy,full,d58591a6ee,28,mixed_geom_0.6+0.1_w0.2,oracle,2000,5,10,mixture,NA,0.2,0.6,0.1,NA
toy_full_d58591a6ee_mixed_geom_0.6+0.1_w0.2_naive_s028,2026-06-24T05:30:38.312328Z,toy,full,d58591a6ee,28,mixed_geom_0.6+0.1_w0.2,naive,2000,5,10,mixture,NA,0.2,0.6,0.1,NA
toy_full_d58591a6ee_mixed_geom_0.6+0.1_w0.2_causal_labelled_s028,2026-06-24T05:30:38.339935Z,toy,full,d58591a6ee,28,mixed_geom_0.6+0.1_w0.2,causal_labelled,2000,5,10,mixture,NA,0.2,0.6,0.1,NA
toy_full_d58591a6ee_0_delay_oracle_s029,2026-06-24T05:30:38.365896Z,toy,full,d58591a6ee,29,0_delay,oracle,2000,5,10,zero_delay,NA,NA,NA,NA,NA
toy_full_d58591a6ee_0_delay_naive_s029,2026-06-24T05:30:38.395171Z,toy,full,d58591a6ee,29,0_delay,naive,2000,5,10,zero_delay,NA,NA,NA,NA,NA
toy_full_d58591a6ee_0_delay_causal_labelled_s029,2026-06-24T05:30:38.422210Z,toy,full,d58591a6ee,29,0_delay,causal_labelled,2000,5,10,zero_delay,NA,NA,NA,NA,NA
toy_full_d58591a6ee_geom_0.15_oracle_s029,2026-06-24T05:30:38.447143Z,toy,full,d58591a6ee,29,geom_0.15,oracle,2000,5,10,geometric,0.15,NA,NA,NA,NA
toy_full_d58591a6ee_geom_0.15_naive_s029,2026-06-24T05:30:38.477943Z,toy,full,d58591a6ee,29,geom_0.15,naive,2000,5,10,geometric,0.15,NA,NA,NA,NA
toy_full_d58591a6ee_geom_0.15_causal_labelled_s029,2026-06-24T05:30:38.503955Z,toy,full,d58591a6ee,29,geom_0.15,causal_labelled,2000,5,10,geometric,0.15,NA,NA,NA,NA
toy_full_d58591a6ee_piece_0.6to0.15_oracle_s029,2026-06-24T05:30:38.528321Z,toy,full,d58591a6ee,29,piece_0.6to0.15,oracle,2000,5,10,piecewise,NA,NA,NA,NA,1000
toy_full_d58591a6ee_piece_0.6to0.15_naive_s029,2026-06-24T05:30:38.554381Z,toy,full,d58591a6ee,29,piece_0.6to0.15,naive,2000,5,10,piecewise,NA,NA,NA,NA,1000
toy_full_d58591a6ee_piece_0.6to0.15_causal_labelled_s029,2026-06-24T05:30:38.581807Z,toy,full,d58591a6ee,29,piece_0.6to0.15,causal_labelled,2000,5,10,piecewise,NA,NA,NA,NA,1000
toy_full_d58591a6ee_mixed_geom_0.6+0.1_w0.2_oracle_s029,2026-06-24T05:30:38.602698Z,toy,full,d58591a6ee,29,mixed_geom_0.6+0.1_w0.2,oracle,2000,5,10,mixture,NA,0.2,0.6,0.1,NA
toy_full_d58591a6ee_mixed_geom_0.6+0.1_w0.2_naive_s029,2026-06-24T05:30:38.629125Z,toy,full,d58591a6ee,29,mixed_geom_0.6+0.1_w0.2,naive,2000,5,10,mixture,NA,0.2,0.6,0.1,NA
toy_full_d58591a6ee_mixed_geom_0.6+0.1_w0.2_causal_labelled_s029,2026-06-24T05:30:38.654650Z,toy,full,d58591a6ee,29,mixed_geom_0.6+0.1_w0.2,causal_labelled,2000,5,10,mixture,NA,0.2,0.6,0.1,NA
