experiment_id,delay_setting,regime,method,method_id,metric_id,mean,se,bootstrap_ci_lower,bootstrap_ci_upper,ci_level,uncertainty_unit,n_bootstrap,n
exp1_controlled_validity,zero_static,labelled,oracle,oracle_reference,causal_regret_per_round,0.0,0.0,0.0,0.0,0.95,shared_simulation_seed,2000,30
exp1_controlled_validity,zero_static,labelled,naive,arrival_time_naive,causal_regret_per_round,0.03213168724279827,0.00036711766586054945,0.03137224691358017,0.03281855144032913,0.95,shared_simulation_seed,2000,30
exp1_controlled_validity,zero_static,labelled,naive_ewma,arrival_time_ewma,causal_regret_per_round,0.032146831275720066,0.0003239147354147486,0.031523242798353814,0.032768576131687134,0.95,shared_simulation_seed,2000,30
exp1_controlled_validity,zero_static,labelled,delayed_ucb,delayed_ucb,causal_regret_per_round,0.04590617283950518,2.5770405001214727e-18,0.04590617283950518,0.04590617283950518,0.95,shared_simulation_seed,2000,30
exp1_controlled_validity,zero_static,labelled,delayed_exp3,delayed_exp3,causal_regret_per_round,0.25267621399177626,0.0003210697242198639,0.2520260740740809,0.25330176131687926,0.95,shared_simulation_seed,2000,30
exp1_controlled_validity,zero_static,labelled,sliding_window_W250,arrival_time_sliding_window_w250,causal_regret_per_round,0.03749399176954717,0.00033441828034002795,0.03682488888888875,0.03817226337448545,0.95,shared_simulation_seed,2000,30
exp1_controlled_validity,zero_static,labelled,anonymous_delayed,anonymous_delayed,causal_regret_per_round,0.39546469135804435,0.0008627725314785669,0.39368587654322934,0.3971229629629828,0.95,shared_simulation_seed,2000,30
exp1_controlled_validity,zero_static,labelled,causal_labeled,source_labelled,causal_regret_per_round,0.03134551440329209,0.00043955264698224047,0.03055109465020568,0.03220617283950608,0.95,shared_simulation_seed,2000,30
exp1_controlled_validity,zero_static,labelled,causal_em,soft_attribution_em,causal_regret_per_round,0.03224230452674888,0.0003821918845313534,0.03155749794238674,0.03301865020576122,0.95,shared_simulation_seed,2000,30
exp1_controlled_validity,zero_static,labelled,causal_em_misspecified,soft_attribution_em_stationary_ablation,causal_regret_per_round,0.032156049382715955,0.00042853544879242945,0.031304510288065766,0.03297120987654312,0.95,shared_simulation_seed,2000,30
exp1_controlled_validity,zero_static,labelled,proxy,proxy_state,causal_regret_per_round,0.03246814814814805,0.0003089759759410018,0.03183267489711926,0.033066683127571904,0.95,shared_simulation_seed,2000,30
exp1_controlled_validity,zero_static,mixture_labelled,oracle,oracle_reference,causal_regret_per_round,0.0,0.0,0.0,0.0,0.95,shared_simulation_seed,2000,30
exp1_controlled_validity,zero_static,mixture_labelled,naive,arrival_time_naive,causal_regret_per_round,0.03186436213991761,0.0004390278851813957,0.031044543209876468,0.03273486419753077,0.95,shared_simulation_seed,2000,30
exp1_controlled_validity,zero_static,mixture_labelled,naive_ewma,arrival_time_ewma,causal_regret_per_round,0.03244378600823036,0.000329767193585721,0.03179573662551432,0.03304895473251018,0.95,shared_simulation_seed,2000,30
exp1_controlled_validity,zero_static,mixture_labelled,delayed_ucb,delayed_ucb,causal_regret_per_round,0.04590617283950518,2.5770405001214727e-18,0.04590617283950518,0.04590617283950518,0.95,shared_simulation_seed,2000,30
exp1_controlled_validity,zero_static,mixture_labelled,delayed_exp3,delayed_exp3,causal_regret_per_round,0.2526051028806652,0.0005358624701751532,0.251472592592599,0.2535756543209945,0.95,shared_simulation_seed,2000,30
exp1_controlled_validity,zero_static,mixture_labelled,sliding_window_W250,arrival_time_sliding_window_w250,causal_regret_per_round,0.03769547325102866,0.00030359944571393716,0.03711991769547311,0.03827822222222209,0.95,shared_simulation_seed,2000,30
exp1_controlled_validity,zero_static,mixture_labelled,anonymous_delayed,anonymous_delayed,causal_regret_per_round,0.3948477366255341,0.0008356451528973779,0.39331804115228286,0.39640036213993735,0.95,shared_simulation_seed,2000,30
exp1_controlled_validity,zero_static,mixture_labelled,causal_labeled,source_labelled,causal_regret_per_round,0.033628312757201545,0.00036246715094045523,0.032965810699588385,0.03432650205761305,0.95,shared_simulation_seed,2000,30
exp1_controlled_validity,zero_static,mixture_labelled,causal_em,soft_attribution_em,causal_regret_per_round,0.031969711934156285,0.0002983458495801649,0.03142770370370361,0.03252674897119332,0.95,shared_simulation_seed,2000,30
exp1_controlled_validity,zero_static,mixture_labelled,causal_em_misspecified,soft_attribution_em_stationary_ablation,causal_regret_per_round,0.033295802469135695,0.0006294535256245476,0.032177679012345584,0.034615983539094515,0.95,shared_simulation_seed,2000,30
exp1_controlled_validity,zero_static,mixture_labelled,proxy,proxy_state,causal_regret_per_round,0.032320658436213894,0.00034331212909249903,0.03164641975308633,0.0329830452674896,0.95,shared_simulation_seed,2000,30
exp1_controlled_validity,zero_static,unlabelled,oracle,oracle_reference,causal_regret_per_round,0.0,0.0,0.0,0.0,0.95,shared_simulation_seed,2000,30
exp1_controlled_validity,zero_static,unlabelled,naive,arrival_time_naive,causal_regret_per_round,0.03218699588477356,0.00047095490910889774,0.03127359670781885,0.03312212345679002,0.95,shared_simulation_seed,2000,30
exp1_controlled_validity,zero_static,unlabelled,naive_ewma,arrival_time_ewma,causal_regret_per_round,0.03183802469135792,0.00040807229480919696,0.031055127572016367,0.03258271604938261,0.95,shared_simulation_seed,2000,30
exp1_controlled_validity,zero_static,unlabelled,delayed_ucb,delayed_ucb,causal_regret_per_round,0.04590617283950518,2.5770405001214727e-18,0.04590617283950518,0.04590617283950518,0.95,shared_simulation_seed,2000,30
exp1_controlled_validity,zero_static,unlabelled,delayed_exp3,delayed_exp3,causal_regret_per_round,0.252133004115233,0.00038323338025540905,0.2513487407407472,0.2528770534979492,0.95,shared_simulation_seed,2000,30
exp1_controlled_validity,zero_static,unlabelled,sliding_window_W250,arrival_time_sliding_window_w250,causal_regret_per_round,0.03793777777777763,0.00034500480380605947,0.03728192592592579,0.038597547325102725,0.95,shared_simulation_seed,2000,30
exp1_controlled_validity,zero_static,unlabelled,anonymous_delayed,anonymous_delayed,causal_regret_per_round,0.3943223045267686,0.0009055160268974339,0.39260706172841464,0.3961942386831473,0.95,shared_simulation_seed,2000,30
exp1_controlled_validity,zero_static,unlabelled,causal_labeled,source_labelled,causal_regret_per_round,0.39574057613170693,0.0009733233512599043,0.393926469135822,0.39758753909467004,0.95,shared_simulation_seed,2000,30
exp1_controlled_validity,zero_static,unlabelled,causal_em,soft_attribution_em,causal_regret_per_round,0.03210205761316864,0.0004568353209543115,0.031205909465020498,0.03296729218106987,0.95,shared_simulation_seed,2000,30
exp1_controlled_validity,zero_static,unlabelled,causal_em_misspecified,soft_attribution_em_stationary_ablation,causal_regret_per_round,0.043519999999999885,0.004435101722774973,0.03617886419753079,0.05340691358024694,0.95,shared_simulation_seed,2000,30
exp1_controlled_validity,zero_static,unlabelled,proxy,proxy_state,causal_regret_per_round,0.032798683127571907,0.00040303316704216283,0.03201050205761306,0.033590831275720046,0.95,shared_simulation_seed,2000,30
exp1_controlled_validity,aligned_static_delay_15,labelled,oracle,oracle_reference,causal_regret_per_round,0.0,0.0,0.0,0.0,0.95,shared_simulation_seed,2000,30
exp1_controlled_validity,aligned_static_delay_15,labelled,naive,arrival_time_naive,causal_regret_per_round,0.17645432098765554,0.022878801299573256,0.13576281481481597,0.22128404938271887,0.95,shared_simulation_seed,2000,30
exp1_controlled_validity,aligned_static_delay_15,labelled,naive_ewma,arrival_time_ewma,causal_regret_per_round,0.35539292181071175,0.018187922139400858,0.32418307818931336,0.39424661728396093,0.95,shared_simulation_seed,2000,30
exp1_controlled_validity,aligned_static_delay_15,labelled,delayed_ucb,delayed_ucb,causal_regret_per_round,0.11072855967078014,0.00599016791484173,0.09967343209876538,0.12268327572016038,0.95,shared_simulation_seed,2000,30
exp1_controlled_validity,aligned_static_delay_15,labelled,delayed_exp3,delayed_exp3,causal_regret_per_round,0.3950748971193613,0.0008165899823355197,0.3936098436214189,0.39668688065845586,0.95,shared_simulation_seed,2000,30
exp1_controlled_validity,aligned_static_delay_15,labelled,sliding_window_W250,arrival_time_sliding_window_w250,causal_regret_per_round,0.22083292181070063,0.007965044639717148,0.20582230452674688,0.2368408395061751,0.95,shared_simulation_seed,2000,30
exp1_controlled_validity,aligned_static_delay_15,labelled,anonymous_delayed,anonymous_delayed,causal_regret_per_round,0.39532115226339415,0.0010588502042032455,0.39330432921812664,0.3974765925926125,0.95,shared_simulation_seed,2000,30
exp1_controlled_validity,aligned_static_delay_15,labelled,causal_labeled,source_labelled,causal_regret_per_round,0.03393251028806574,0.0003615669965275477,0.03322576131687232,0.034635884773662445,0.95,shared_simulation_seed,2000,30
exp1_controlled_validity,aligned_static_delay_15,labelled,causal_em,soft_attribution_em,causal_regret_per_round,0.03490172839506162,0.00031705862698343186,0.03426762139917685,0.03549180246913569,0.95,shared_simulation_seed,2000,30
exp1_controlled_validity,aligned_static_delay_15,labelled,causal_em_misspecified,soft_attribution_em_stationary_ablation,causal_regret_per_round,0.03400493827160483,0.0003672024586642246,0.03331155555555546,0.03470562962962952,0.95,shared_simulation_seed,2000,30
exp1_controlled_validity,aligned_static_delay_15,labelled,proxy,proxy_state,causal_regret_per_round,0.0342235390946501,0.00039191559334729047,0.03347484773662541,0.03499795884773651,0.95,shared_simulation_seed,2000,30
exp1_controlled_validity,aligned_static_delay_15,mixture_labelled,oracle,oracle_reference,causal_regret_per_round,0.0,0.0,0.0,0.0,0.95,shared_simulation_seed,2000,30
exp1_controlled_validity,aligned_static_delay_15,mixture_labelled,naive,arrival_time_naive,causal_regret_per_round,0.17776329218107012,0.03090245643940722,0.12280344032921788,0.24256979423868671,0.95,shared_simulation_seed,2000,30
exp1_controlled_validity,aligned_static_delay_15,mixture_labelled,naive_ewma,arrival_time_ewma,causal_regret_per_round,0.3353942386831415,0.01155611133506172,0.3149753415637987,0.3588921152263531,0.95,shared_simulation_seed,2000,30
exp1_controlled_validity,aligned_static_delay_15,mixture_labelled,delayed_ucb,delayed_ucb,causal_regret_per_round,0.10826139917695324,0.007362989169759774,0.09490525102880709,0.12298479012345327,0.95,shared_simulation_seed,2000,30
exp1_controlled_validity,aligned_static_delay_15,mixture_labelled,delayed_exp3,delayed_exp3,causal_regret_per_round,0.3940431275720358,0.0009747890023534445,0.3921600000000193,0.39587160493829104,0.95,shared_simulation_seed,2000,30
exp1_controlled_validity,aligned_static_delay_15,mixture_labelled,sliding_window_W250,arrival_time_sliding_window_w250,causal_regret_per_round,0.2279637860082319,0.009252485121512704,0.21142521810699605,0.2451211028806631,0.95,shared_simulation_seed,2000,30
exp1_controlled_validity,aligned_static_delay_15,mixture_labelled,anonymous_delayed,anonymous_delayed,causal_regret_per_round,0.3964055967078386,0.0010166355505945906,0.39441642798355847,0.398414502057633,0.95,shared_simulation_seed,2000,30
exp1_controlled_validity,aligned_static_delay_15,mixture_labelled,causal_labeled,source_labelled,causal_regret_per_round,0.03583012345679,0.00039691163308484367,0.03503909465020563,0.036594617283950484,0.95,shared_simulation_seed,2000,30
exp1_controlled_validity,aligned_static_delay_15,mixture_labelled,causal_em,soft_attribution_em,causal_regret_per_round,0.03334057613168714,0.00035838707717713707,0.03263932510288056,0.03402079012345667,0.95,shared_simulation_seed,2000,30
exp1_controlled_validity,aligned_static_delay_15,mixture_labelled,causal_em_misspecified,soft_attribution_em_stationary_ablation,causal_regret_per_round,0.03873514403292169,0.00307535596550832,0.03417591769547311,0.04567958847736623,0.95,shared_simulation_seed,2000,30
exp1_controlled_validity,aligned_static_delay_15,mixture_labelled,proxy,proxy_state,causal_regret_per_round,0.03238781893004105,0.00038677093932076043,0.031666732510287975,0.03314123456790113,0.95,shared_simulation_seed,2000,30
exp1_controlled_validity,aligned_static_delay_15,unlabelled,oracle,oracle_reference,causal_regret_per_round,0.0,0.0,0.0,0.0,0.95,shared_simulation_seed,2000,30
exp1_controlled_validity,aligned_static_delay_15,unlabelled,naive,arrival_time_naive,causal_regret_per_round,0.14215506172839557,0.02010209177653273,0.10588274897119195,0.1811933662551453,0.95,shared_simulation_seed,2000,30
exp1_controlled_validity,aligned_static_delay_15,unlabelled,naive_ewma,arrival_time_ewma,causal_regret_per_round,0.34849711934157707,0.013182599303141345,0.322194831275732,0.3752845761317027,0.95,shared_simulation_seed,2000,30
exp1_controlled_validity,aligned_static_delay_15,unlabelled,delayed_ucb,delayed_ucb,causal_regret_per_round,0.10850238683127496,0.005685134037734904,0.09814796707818887,0.11993507818929773,0.95,shared_simulation_seed,2000,30
exp1_controlled_validity,aligned_static_delay_15,unlabelled,delayed_exp3,delayed_exp3,causal_regret_per_round,0.39540016460907323,0.0006480481985098113,0.3941391111111309,0.3965980905349993,0.95,shared_simulation_seed,2000,30
exp1_controlled_validity,aligned_static_delay_15,unlabelled,sliding_window_W250,arrival_time_sliding_window_w250,causal_regret_per_round,0.22260279835391217,0.00636932728986128,0.21047399176954706,0.23544037860082698,0.95,shared_simulation_seed,2000,30
exp1_controlled_validity,aligned_static_delay_15,unlabelled,anonymous_delayed,anonymous_delayed,causal_regret_per_round,0.39460016460907305,0.0009866291183531573,0.39268566255145965,0.3964708971193615,0.95,shared_simulation_seed,2000,30
exp1_controlled_validity,aligned_static_delay_15,unlabelled,causal_labeled,source_labelled,causal_regret_per_round,0.3937981893004309,0.0010196089586741394,0.3918188641975502,0.39576651851853817,0.95,shared_simulation_seed,2000,30
exp1_controlled_validity,aligned_static_delay_15,unlabelled,causal_em,soft_attribution_em,causal_regret_per_round,0.03239901234567891,0.0003492770159134622,0.031665514403292086,0.03301736625514393,0.95,shared_simulation_seed,2000,30
exp1_controlled_validity,aligned_static_delay_15,unlabelled,causal_em_misspecified,soft_attribution_em_stationary_ablation,causal_regret_per_round,0.11604148148148226,0.015786315075177314,0.08893598353909563,0.14544103703703892,0.95,shared_simulation_seed,2000,30
exp1_controlled_validity,aligned_static_delay_15,unlabelled,proxy,proxy_state,causal_regret_per_round,0.032582716049382614,0.0003833024981731165,0.03184434567901226,0.03331690534979414,0.95,shared_simulation_seed,2000,30
exp1_controlled_validity,geometric_matched_15,labelled,oracle,oracle_reference,causal_regret_per_round,0.0,0.0,0.0,0.0,0.95,shared_simulation_seed,2000,30
exp1_controlled_validity,geometric_matched_15,labelled,naive,arrival_time_naive,causal_regret_per_round,1.1386709041445864,0.031659080303957685,1.079665131226581,1.1991928067817785,0.95,shared_simulation_seed,2000,30
exp1_controlled_validity,geometric_matched_15,labelled,naive_ewma,arrival_time_ewma,causal_regret_per_round,1.1468563000963925,0.023724759693687168,1.1023525990248884,1.19247030630198,0.95,shared_simulation_seed,2000,30
exp1_controlled_validity,geometric_matched_15,labelled,delayed_ucb,delayed_ucb,causal_regret_per_round,1.1580085776471907,0.030906923817884974,1.1015235810566244,1.219553957402623,0.95,shared_simulation_seed,2000,30
exp1_controlled_validity,geometric_matched_15,labelled,delayed_exp3,delayed_exp3,causal_regret_per_round,1.538615410977084,0.023636788431298572,1.4907769094671726,1.5848813435143014,0.95,shared_simulation_seed,2000,30
exp1_controlled_validity,geometric_matched_15,labelled,sliding_window_W250,arrival_time_sliding_window_w250,causal_regret_per_round,1.4848218242026394,0.02440589673059195,1.4368123643362756,1.5352356750228355,0.95,shared_simulation_seed,2000,30
exp1_controlled_validity,geometric_matched_15,labelled,anonymous_delayed,anonymous_delayed,causal_regret_per_round,1.5424156232509674,0.021916995793744152,1.5032582790991342,1.5854799520125693,0.95,shared_simulation_seed,2000,30
exp1_controlled_validity,geometric_matched_15,labelled,causal_labeled,source_labelled,causal_regret_per_round,0.3142587883916097,0.005983737125777439,0.30249181387411533,0.3250871920904891,0.95,shared_simulation_seed,2000,30
exp1_controlled_validity,geometric_matched_15,labelled,causal_em,soft_attribution_em,causal_regret_per_round,0.3163353520402018,0.00708380675009287,0.30260142913051036,0.3305044275692351,0.95,shared_simulation_seed,2000,30
exp1_controlled_validity,geometric_matched_15,labelled,causal_em_misspecified,soft_attribution_em_stationary_ablation,causal_regret_per_round,0.3199724243318534,0.006437711963566868,0.30822415440576717,0.3323888321972333,0.95,shared_simulation_seed,2000,30
exp1_controlled_validity,geometric_matched_15,labelled,proxy,proxy_state,causal_regret_per_round,0.3403937503458819,0.007027741700345134,0.32734079642439307,0.35412959788814996,0.95,shared_simulation_seed,2000,30
exp1_controlled_validity,geometric_matched_15,mixture_labelled,oracle,oracle_reference,causal_regret_per_round,0.0,0.0,0.0,0.0,0.95,shared_simulation_seed,2000,30
exp1_controlled_validity,geometric_matched_15,mixture_labelled,naive,arrival_time_naive,causal_regret_per_round,1.0983995664628785,0.04750960339078958,1.0115825892007388,1.194473353381395,0.95,shared_simulation_seed,2000,30
exp1_controlled_validity,geometric_matched_15,mixture_labelled,naive_ewma,arrival_time_ewma,causal_regret_per_round,1.1597675949415653,0.02851854644097749,1.104671537849587,1.217140055711275,0.95,shared_simulation_seed,2000,30
exp1_controlled_validity,geometric_matched_15,mixture_labelled,delayed_ucb,delayed_ucb,causal_regret_per_round,1.1621013242905889,0.021811452350860613,1.119471253658654,1.204851874803514,0.95,shared_simulation_seed,2000,30
exp1_controlled_validity,geometric_matched_15,mixture_labelled,delayed_exp3,delayed_exp3,causal_regret_per_round,1.537176983460093,0.024392416713087995,1.4893022585073294,1.5853390450806355,0.95,shared_simulation_seed,2000,30
exp1_controlled_validity,geometric_matched_15,mixture_labelled,sliding_window_W250,arrival_time_sliding_window_w250,causal_regret_per_round,1.487647721056334,0.022982183395041475,1.442277668153231,1.529745613920541,0.95,shared_simulation_seed,2000,30
exp1_controlled_validity,geometric_matched_15,mixture_labelled,anonymous_delayed,anonymous_delayed,causal_regret_per_round,1.5431964954260493,0.02318933464236862,1.4963899308781374,1.5882862463224308,0.95,shared_simulation_seed,2000,30
exp1_controlled_validity,geometric_matched_15,mixture_labelled,causal_labeled,source_labelled,causal_regret_per_round,0.5224474503861011,0.011385189656528249,0.49939542584972096,0.5447417730433226,0.95,shared_simulation_seed,2000,30
exp1_controlled_validity,geometric_matched_15,mixture_labelled,causal_em,soft_attribution_em,causal_regret_per_round,0.4901638461004581,0.016177201266116027,0.46020879063053916,0.5227681555296523,0.95,shared_simulation_seed,2000,30
exp1_controlled_validity,geometric_matched_15,mixture_labelled,causal_em_misspecified,soft_attribution_em_stationary_ablation,causal_regret_per_round,0.5049598123043411,0.014564159838398295,0.47785288733764125,0.5321692559313191,0.95,shared_simulation_seed,2000,30
exp1_controlled_validity,geometric_matched_15,mixture_labelled,proxy,proxy_state,causal_regret_per_round,0.5242496903017974,0.013171057446957905,0.49925167232705986,0.550261210762113,0.95,shared_simulation_seed,2000,30
exp1_controlled_validity,geometric_matched_15,unlabelled,oracle,oracle_reference,causal_regret_per_round,0.0,0.0,0.0,0.0,0.95,shared_simulation_seed,2000,30
exp1_controlled_validity,geometric_matched_15,unlabelled,naive,arrival_time_naive,causal_regret_per_round,1.1208167182468822,0.04225079948704623,1.0390843050983496,1.204518451032066,0.95,shared_simulation_seed,2000,30
exp1_controlled_validity,geometric_matched_15,unlabelled,naive_ewma,arrival_time_ewma,causal_regret_per_round,1.154541230491452,0.031993125010607394,1.094509485076902,1.2175829962370621,0.95,shared_simulation_seed,2000,30
exp1_controlled_validity,geometric_matched_15,unlabelled,delayed_ucb,delayed_ucb,causal_regret_per_round,1.1292970003691774,0.02349845363148749,1.0826875426432376,1.1747343595713315,0.95,shared_simulation_seed,2000,30
exp1_controlled_validity,geometric_matched_15,unlabelled,delayed_exp3,delayed_exp3,causal_regret_per_round,1.5364340514793384,0.023429733818153036,1.492736849244195,1.5794117275819994,0.95,shared_simulation_seed,2000,30
exp1_controlled_validity,geometric_matched_15,unlabelled,sliding_window_W250,arrival_time_sliding_window_w250,causal_regret_per_round,1.4846251253070915,0.021156657263011764,1.443985574676827,1.5260505329903105,0.95,shared_simulation_seed,2000,30
exp1_controlled_validity,geometric_matched_15,unlabelled,anonymous_delayed,anonymous_delayed,causal_regret_per_round,1.5426648486219459,0.02280363876291753,1.498850297864542,1.5881250162407388,0.95,shared_simulation_seed,2000,30
exp1_controlled_validity,geometric_matched_15,unlabelled,causal_labeled,source_labelled,causal_regret_per_round,1.5427256115177774,0.023876015864001992,1.4958321660686844,1.58793124840808,0.95,shared_simulation_seed,2000,30
exp1_controlled_validity,geometric_matched_15,unlabelled,causal_em,soft_attribution_em,causal_regret_per_round,1.1448695170701935,0.05302603694087394,1.0484170969562712,1.2535981717108735,0.95,shared_simulation_seed,2000,30
exp1_controlled_validity,geometric_matched_15,unlabelled,causal_em_misspecified,soft_attribution_em_stationary_ablation,causal_regret_per_round,1.0915411907341437,0.0443783248404734,1.0072190791662576,1.1766189148396997,0.95,shared_simulation_seed,2000,30
exp1_controlled_validity,geometric_matched_15,unlabelled,proxy,proxy_state,causal_regret_per_round,1.1481252380032692,0.056304648306870826,1.0418643597555215,1.2556773878157719,0.95,shared_simulation_seed,2000,30
exp1_controlled_validity,mixture_matched_15,labelled,oracle,oracle_reference,causal_regret_per_round,0.0,0.0,0.0,0.0,0.95,shared_simulation_seed,2000,30
exp1_controlled_validity,mixture_matched_15,labelled,naive,arrival_time_naive,causal_regret_per_round,0.8251432025702246,0.021150500448376332,0.783385032364743,0.864554686251948,0.95,shared_simulation_seed,2000,30
exp1_controlled_validity,mixture_matched_15,labelled,naive_ewma,arrival_time_ewma,causal_regret_per_round,0.859067112686224,0.022269327974923887,0.8171782020302849,0.902176577901773,0.95,shared_simulation_seed,2000,30
exp1_controlled_validity,mixture_matched_15,labelled,delayed_ucb,delayed_ucb,causal_regret_per_round,0.9184561748577297,0.022466185683291152,0.873743365120612,0.9600435233901319,0.95,shared_simulation_seed,2000,30
exp1_controlled_validity,mixture_matched_15,labelled,delayed_exp3,delayed_exp3,causal_regret_per_round,1.5220115786539077,0.022766816455124735,1.4779936723210723,1.5635962278765179,0.95,shared_simulation_seed,2000,30
exp1_controlled_validity,mixture_matched_15,labelled,sliding_window_W250,arrival_time_sliding_window_w250,causal_regret_per_round,1.3919789117944463,0.021460012301824122,1.3500064617145908,1.4344639664323435,0.95,shared_simulation_seed,2000,30
exp1_controlled_validity,mixture_matched_15,labelled,anonymous_delayed,anonymous_delayed,causal_regret_per_round,1.541214055407383,0.024687460761859643,1.4944064102103949,1.5889404318473819,0.95,shared_simulation_seed,2000,30
exp1_controlled_validity,mixture_matched_15,labelled,causal_labeled,source_labelled,causal_regret_per_round,0.3144209310305086,0.005310883292109603,0.3039179021944128,0.32508480685772356,0.95,shared_simulation_seed,2000,30
exp1_controlled_validity,mixture_matched_15,labelled,causal_em,soft_attribution_em,causal_regret_per_round,0.31113296734467494,0.004905294994149211,0.30170147469813613,0.3202685175270182,0.95,shared_simulation_seed,2000,30
exp1_controlled_validity,mixture_matched_15,labelled,causal_em_misspecified,soft_attribution_em_stationary_ablation,causal_regret_per_round,0.30935083125762614,0.0063838396513309185,0.2972526074438141,0.32268077187131133,0.95,shared_simulation_seed,2000,30
exp1_controlled_validity,mixture_matched_15,labelled,proxy,proxy_state,causal_regret_per_round,0.324578718178164,0.004626732164283685,0.31541332664708793,0.33339829048142217,0.95,shared_simulation_seed,2000,30
exp1_controlled_validity,mixture_matched_15,mixture_labelled,oracle,oracle_reference,causal_regret_per_round,0.0,0.0,0.0,0.0,0.95,shared_simulation_seed,2000,30
exp1_controlled_validity,mixture_matched_15,mixture_labelled,naive,arrival_time_naive,causal_regret_per_round,0.8452674713974571,0.030267542254344915,0.7883199351627599,0.9042366515416279,0.95,shared_simulation_seed,2000,30
exp1_controlled_validity,mixture_matched_15,mixture_labelled,naive_ewma,arrival_time_ewma,causal_regret_per_round,0.8737756344385381,0.02156869714432072,0.8319988273322811,0.9171693431661544,0.95,shared_simulation_seed,2000,30
exp1_controlled_validity,mixture_matched_15,mixture_labelled,delayed_ucb,delayed_ucb,causal_regret_per_round,0.8955114914911487,0.017187518740732512,0.8631759610242153,0.9303058849402948,0.95,shared_simulation_seed,2000,30
exp1_controlled_validity,mixture_matched_15,mixture_labelled,delayed_exp3,delayed_exp3,causal_regret_per_round,1.5173160293368946,0.022405495785085657,1.4728667114433414,1.559672254884092,0.95,shared_simulation_seed,2000,30
exp1_controlled_validity,mixture_matched_15,mixture_labelled,sliding_window_W250,arrival_time_sliding_window_w250,causal_regret_per_round,1.3987251345257832,0.02212285132042093,1.35607200614844,1.4430467440607713,0.95,shared_simulation_seed,2000,30
exp1_controlled_validity,mixture_matched_15,mixture_labelled,anonymous_delayed,anonymous_delayed,causal_regret_per_round,1.5538668146809844,0.023690106795006473,1.506968643263289,1.5998006310024897,0.95,shared_simulation_seed,2000,30
exp1_controlled_validity,mixture_matched_15,mixture_labelled,causal_labeled,source_labelled,causal_regret_per_round,0.527460938872579,0.012947193198657,0.5019724489912399,0.5518026301745077,0.95,shared_simulation_seed,2000,30
exp1_controlled_validity,mixture_matched_15,mixture_labelled,causal_em,soft_attribution_em,causal_regret_per_round,0.4748337264657888,0.01389686829580519,0.4480859487718624,0.5056393568762165,0.95,shared_simulation_seed,2000,30
exp1_controlled_validity,mixture_matched_15,mixture_labelled,causal_em_misspecified,soft_attribution_em_stationary_ablation,causal_regret_per_round,0.47784808847829596,0.013713061660072587,0.45279306474282316,0.5046759832944212,0.95,shared_simulation_seed,2000,30
exp1_controlled_validity,mixture_matched_15,mixture_labelled,proxy,proxy_state,causal_regret_per_round,0.5023408116432344,0.015685756740819297,0.47416840317697934,0.5352096903967262,0.95,shared_simulation_seed,2000,30
exp1_controlled_validity,mixture_matched_15,unlabelled,oracle,oracle_reference,causal_regret_per_round,0.0,0.0,0.0,0.0,0.95,shared_simulation_seed,2000,30
exp1_controlled_validity,mixture_matched_15,unlabelled,naive,arrival_time_naive,causal_regret_per_round,0.8335153038027935,0.026286427029072214,0.7836316836655961,0.8842755280336123,0.95,shared_simulation_seed,2000,30
exp1_controlled_validity,mixture_matched_15,unlabelled,naive_ewma,arrival_time_ewma,causal_regret_per_round,0.8989152532929167,0.024383766717055964,0.8538486162540213,0.9482230663948626,0.95,shared_simulation_seed,2000,30
exp1_controlled_validity,mixture_matched_15,unlabelled,delayed_ucb,delayed_ucb,causal_regret_per_round,0.8965355094712535,0.018995245496618744,0.8622839229943888,0.935274738797569,0.95,shared_simulation_seed,2000,30
exp1_controlled_validity,mixture_matched_15,unlabelled,delayed_exp3,delayed_exp3,causal_regret_per_round,1.5269711466302047,0.02411762816821384,1.4816173361970224,1.5750441523272098,0.95,shared_simulation_seed,2000,30
exp1_controlled_validity,mixture_matched_15,unlabelled,sliding_window_W250,arrival_time_sliding_window_w250,causal_regret_per_round,1.395905594753189,0.020824626641733256,1.3576124621114267,1.4367199575459655,0.95,shared_simulation_seed,2000,30
exp1_controlled_validity,mixture_matched_15,unlabelled,anonymous_delayed,anonymous_delayed,causal_regret_per_round,1.5425650545454626,0.024130353862045033,1.4969760059826407,1.588307538870797,0.95,shared_simulation_seed,2000,30
exp1_controlled_validity,mixture_matched_15,unlabelled,causal_labeled,source_labelled,causal_regret_per_round,1.5391111118539291,0.02338196567637614,1.4943674517561263,1.585216109011676,0.95,shared_simulation_seed,2000,30
exp1_controlled_validity,mixture_matched_15,unlabelled,causal_em,soft_attribution_em,causal_regret_per_round,1.0730043168325347,0.04813847464644387,0.9840781288945379,1.161406750773329,0.95,shared_simulation_seed,2000,30
exp1_controlled_validity,mixture_matched_15,unlabelled,causal_em_misspecified,soft_attribution_em_stationary_ablation,causal_regret_per_round,1.0825704294264862,0.04620029982307046,0.9932101704913692,1.1679340881379838,0.95,shared_simulation_seed,2000,30
exp1_controlled_validity,mixture_matched_15,unlabelled,proxy,proxy_state,causal_regret_per_round,1.076244022634664,0.054231576463694496,0.968541818320637,1.1795440684578233,0.95,shared_simulation_seed,2000,30
exp1_controlled_validity,state_structural_matched_15,labelled,oracle,oracle_reference,causal_regret_per_round,0.0,0.0,0.0,0.0,0.95,shared_simulation_seed,2000,30
exp1_controlled_validity,state_structural_matched_15,labelled,naive,arrival_time_naive,causal_regret_per_round,0.974262933655057,0.026745115143269473,0.9252816338990938,1.0231278221964026,0.95,shared_simulation_seed,2000,30
exp1_controlled_validity,state_structural_matched_15,labelled,naive_ewma,arrival_time_ewma,causal_regret_per_round,1.0024824138488262,0.024640849090612864,0.9558748731976355,1.052269346108949,0.95,shared_simulation_seed,2000,30
exp1_controlled_validity,state_structural_matched_15,labelled,delayed_ucb,delayed_ucb,causal_regret_per_round,1.04044063205064,0.025212087956365217,0.993589735713178,1.089388909172164,0.95,shared_simulation_seed,2000,30
exp1_controlled_validity,state_structural_matched_15,labelled,delayed_exp3,delayed_exp3,causal_regret_per_round,1.5255698585820487,0.024245414602592243,1.4785751915437535,1.5719252552754965,0.95,shared_simulation_seed,2000,30
exp1_controlled_validity,state_structural_matched_15,labelled,sliding_window_W250,arrival_time_sliding_window_w250,causal_regret_per_round,1.4183774868634353,0.02245639945769465,1.3755384259936163,1.4609390429497982,0.95,shared_simulation_seed,2000,30
exp1_controlled_validity,state_structural_matched_15,labelled,anonymous_delayed,anonymous_delayed,causal_regret_per_round,1.5446774492342903,0.023877726414995592,1.499212498641493,1.5916661744009781,0.95,shared_simulation_seed,2000,30
exp1_controlled_validity,state_structural_matched_15,labelled,causal_labeled,source_labelled,causal_regret_per_round,0.34902483488809005,0.007312011014685478,0.335076605542058,0.36359821534411396,0.95,shared_simulation_seed,2000,30
exp1_controlled_validity,state_structural_matched_15,labelled,causal_em,soft_attribution_em,causal_regret_per_round,0.3480840000766644,0.00864006068993022,0.3318134070347573,0.3655127639526338,0.95,shared_simulation_seed,2000,30
exp1_controlled_validity,state_structural_matched_15,labelled,causal_em_misspecified,soft_attribution_em_stationary_ablation,causal_regret_per_round,0.34323103249880327,0.008039469301193236,0.3274738499674611,0.3584020020716397,0.95,shared_simulation_seed,2000,30
exp1_controlled_validity,state_structural_matched_15,labelled,proxy,proxy_state,causal_regret_per_round,0.3676938133367122,0.00879069642727245,0.3514119174820397,0.38468461857544806,0.95,shared_simulation_seed,2000,30
exp1_controlled_validity,state_structural_matched_15,mixture_labelled,oracle,oracle_reference,causal_regret_per_round,0.0,0.0,0.0,0.0,0.95,shared_simulation_seed,2000,30
exp1_controlled_validity,state_structural_matched_15,mixture_labelled,naive,arrival_time_naive,causal_regret_per_round,0.948025777187136,0.03166835717903676,0.8921820928481506,1.0095550140350582,0.95,shared_simulation_seed,2000,30
exp1_controlled_validity,state_structural_matched_15,mixture_labelled,naive_ewma,arrival_time_ewma,causal_regret_per_round,0.9602696625504827,0.030909543139924094,0.9038769218068393,1.0253135127317528,0.95,shared_simulation_seed,2000,30
exp1_controlled_validity,state_structural_matched_15,mixture_labelled,delayed_ucb,delayed_ucb,causal_regret_per_round,1.0091480552800107,0.022026083636588135,0.9683209147475976,1.0538014152452695,0.95,shared_simulation_seed,2000,30
exp1_controlled_validity,state_structural_matched_15,mixture_labelled,delayed_exp3,delayed_exp3,causal_regret_per_round,1.5276553963912538,0.02337089029124433,1.4842731703597207,1.5728089830043992,0.95,shared_simulation_seed,2000,30
exp1_controlled_validity,state_structural_matched_15,mixture_labelled,sliding_window_W250,arrival_time_sliding_window_w250,causal_regret_per_round,1.4144453425531693,0.02105080778562984,1.3740906349971311,1.454959429380561,0.95,shared_simulation_seed,2000,30
exp1_controlled_validity,state_structural_matched_15,mixture_labelled,anonymous_delayed,anonymous_delayed,causal_regret_per_round,1.552408637605904,0.02257620075565193,1.5074406357973658,1.5949133226565373,0.95,shared_simulation_seed,2000,30
exp1_controlled_validity,state_structural_matched_15,mixture_labelled,causal_labeled,source_labelled,causal_regret_per_round,0.5639284283404156,0.013583425837458078,0.5384018190183735,0.5909341255797362,0.95,shared_simulation_seed,2000,30
exp1_controlled_validity,state_structural_matched_15,mixture_labelled,causal_em,soft_attribution_em,causal_regret_per_round,0.5303224387192772,0.015436962766101877,0.5010757983783325,0.5607016116436778,0.95,shared_simulation_seed,2000,30
exp1_controlled_validity,state_structural_matched_15,mixture_labelled,causal_em_misspecified,soft_attribution_em_stationary_ablation,causal_regret_per_round,0.5071828741748494,0.015009136254867418,0.478552705771515,0.5361336153010635,0.95,shared_simulation_seed,2000,30
exp1_controlled_validity,state_structural_matched_15,mixture_labelled,proxy,proxy_state,causal_regret_per_round,0.5385905989769673,0.013954148065958263,0.5136254067248013,0.5666815305539324,0.95,shared_simulation_seed,2000,30
exp1_controlled_validity,state_structural_matched_15,unlabelled,oracle,oracle_reference,causal_regret_per_round,0.0,0.0,0.0,0.0,0.95,shared_simulation_seed,2000,30
exp1_controlled_validity,state_structural_matched_15,unlabelled,naive,arrival_time_naive,causal_regret_per_round,0.9683089122770755,0.031522286870040335,0.9066688045620334,1.0289092017456274,0.95,shared_simulation_seed,2000,30
exp1_controlled_validity,state_structural_matched_15,unlabelled,naive_ewma,arrival_time_ewma,causal_regret_per_round,0.9916965700521542,0.03200987608349575,0.9289107444761487,1.0504305045303048,0.95,shared_simulation_seed,2000,30
exp1_controlled_validity,state_structural_matched_15,unlabelled,delayed_ucb,delayed_ucb,causal_regret_per_round,0.991908791775575,0.02191379914184395,0.9514256470770014,1.0332705229293324,0.95,shared_simulation_seed,2000,30
exp1_controlled_validity,state_structural_matched_15,unlabelled,delayed_exp3,delayed_exp3,causal_regret_per_round,1.5257280266361655,0.023922818921796738,1.4800102597856537,1.5722372187745302,0.95,shared_simulation_seed,2000,30
exp1_controlled_validity,state_structural_matched_15,unlabelled,sliding_window_W250,arrival_time_sliding_window_w250,causal_regret_per_round,1.4183335011720961,0.019849595126686367,1.380474797234422,1.4545864376650173,0.95,shared_simulation_seed,2000,30
exp1_controlled_validity,state_structural_matched_15,unlabelled,anonymous_delayed,anonymous_delayed,causal_regret_per_round,1.5491527826761264,0.024382796870081106,1.504047630122505,1.5944642140562637,0.95,shared_simulation_seed,2000,30
exp1_controlled_validity,state_structural_matched_15,unlabelled,causal_labeled,source_labelled,causal_regret_per_round,1.5522482740438293,0.02277377803801221,1.5074995283831776,1.5963229441609086,0.95,shared_simulation_seed,2000,30
exp1_controlled_validity,state_structural_matched_15,unlabelled,causal_em,soft_attribution_em,causal_regret_per_round,0.9554788334764548,0.03489917898759659,0.8858112285036472,1.02121482941203,0.95,shared_simulation_seed,2000,30
exp1_controlled_validity,state_structural_matched_15,unlabelled,causal_em_misspecified,soft_attribution_em_stationary_ablation,causal_regret_per_round,1.0038047709651228,0.04425052302290796,0.9181274863729959,1.090642855488512,0.95,shared_simulation_seed,2000,30
exp1_controlled_validity,state_structural_matched_15,unlabelled,proxy,proxy_state,causal_regret_per_round,0.9417680431960346,0.03158396557223784,0.8835619615215563,1.0047397622777434,0.95,shared_simulation_seed,2000,30
exp1_controlled_validity,proxy_good_matched_15,labelled,oracle,oracle_reference,causal_regret_per_round,0.0,0.0,0.0,0.0,0.95,shared_simulation_seed,2000,30
exp1_controlled_validity,proxy_good_matched_15,labelled,naive,arrival_time_naive,causal_regret_per_round,0.9164209828206492,0.02663951564452992,0.8650945042846557,0.9677567546366459,0.95,shared_simulation_seed,2000,30
exp1_controlled_validity,proxy_good_matched_15,labelled,naive_ewma,arrival_time_ewma,causal_regret_per_round,0.9774505840901049,0.026795438177884885,0.9287289563875841,1.0330572399304276,0.95,shared_simulation_seed,2000,30
exp1_controlled_validity,proxy_good_matched_15,labelled,delayed_ucb,delayed_ucb,causal_regret_per_round,0.9791224334613545,0.020972625712649084,0.9380442896984588,1.0196969908041849,0.95,shared_simulation_seed,2000,30
exp1_controlled_validity,proxy_good_matched_15,labelled,delayed_exp3,delayed_exp3,causal_regret_per_round,1.5255216313584405,0.02238718622805768,1.4808913147650138,1.5663862315285446,0.95,shared_simulation_seed,2000,30
exp1_controlled_validity,proxy_good_matched_15,labelled,sliding_window_W250,arrival_time_sliding_window_w250,causal_regret_per_round,1.4103219623668108,0.018225331540436557,1.377035689450515,1.4454644022601915,0.95,shared_simulation_seed,2000,30
exp1_controlled_validity,proxy_good_matched_15,labelled,anonymous_delayed,anonymous_delayed,causal_regret_per_round,1.537054006551293,0.022617649706037277,1.4937795364912432,1.5786999859686677,0.95,shared_simulation_seed,2000,30
exp1_controlled_validity,proxy_good_matched_15,labelled,causal_labeled,source_labelled,causal_regret_per_round,0.34112246758534587,0.008995837996278799,0.32373652434969646,0.35940536530370143,0.95,shared_simulation_seed,2000,30
exp1_controlled_validity,proxy_good_matched_15,labelled,causal_em,soft_attribution_em,causal_regret_per_round,0.3472539719837024,0.010181851341043918,0.32899592152934015,0.36702043146956287,0.95,shared_simulation_seed,2000,30
exp1_controlled_validity,proxy_good_matched_15,labelled,causal_em_misspecified,soft_attribution_em_stationary_ablation,causal_regret_per_round,0.3490449479646071,0.009021548262585699,0.3321226692472844,0.3670159340143317,0.95,shared_simulation_seed,2000,30
exp1_controlled_validity,proxy_good_matched_15,labelled,proxy,proxy_state,causal_regret_per_round,0.3770090609721685,0.008354615059836803,0.36030424173104997,0.3930620758952011,0.95,shared_simulation_seed,2000,30
exp1_controlled_validity,proxy_good_matched_15,mixture_labelled,oracle,oracle_reference,causal_regret_per_round,0.0,0.0,0.0,0.0,0.95,shared_simulation_seed,2000,30
exp1_controlled_validity,proxy_good_matched_15,mixture_labelled,naive,arrival_time_naive,causal_regret_per_round,0.9348781090867831,0.033371893097932176,0.8728659786275295,0.9983658680520039,0.95,shared_simulation_seed,2000,30
exp1_controlled_validity,proxy_good_matched_15,mixture_labelled,naive_ewma,arrival_time_ewma,causal_regret_per_round,1.0034060501774411,0.025731022811923288,0.9536214356179417,1.0525553063141362,0.95,shared_simulation_seed,2000,30
exp1_controlled_validity,proxy_good_matched_15,mixture_labelled,delayed_ucb,delayed_ucb,causal_regret_per_round,1.0018453114467052,0.022105882057264287,0.960110474172585,1.0454422399334715,0.95,shared_simulation_seed,2000,30
exp1_controlled_validity,proxy_good_matched_15,mixture_labelled,delayed_exp3,delayed_exp3,causal_regret_per_round,1.5290925227898113,0.02338590083842361,1.4828719865665299,1.5748676285166736,0.95,shared_simulation_seed,2000,30
exp1_controlled_validity,proxy_good_matched_15,mixture_labelled,sliding_window_W250,arrival_time_sliding_window_w250,causal_regret_per_round,1.4222432268925767,0.0215982109932388,1.3813078884257242,1.4637284608961838,0.95,shared_simulation_seed,2000,30
exp1_controlled_validity,proxy_good_matched_15,mixture_labelled,anonymous_delayed,anonymous_delayed,causal_regret_per_round,1.5421934731299036,0.022793086250308476,1.497466128759638,1.5866505055544893,0.95,shared_simulation_seed,2000,30
exp1_controlled_validity,proxy_good_matched_15,mixture_labelled,causal_labeled,source_labelled,causal_regret_per_round,0.5626369169871693,0.01674739428529461,0.5294748564554542,0.5968344371422103,0.95,shared_simulation_seed,2000,30
exp1_controlled_validity,proxy_good_matched_15,mixture_labelled,causal_em,soft_attribution_em,causal_regret_per_round,0.5303004828184791,0.015738594022037485,0.49924276023500885,0.5610678268483861,0.95,shared_simulation_seed,2000,30
exp1_controlled_validity,proxy_good_matched_15,mixture_labelled,causal_em_misspecified,soft_attribution_em_stationary_ablation,causal_regret_per_round,0.5305147043007302,0.013589487043323223,0.5057436810903647,0.5573533235647874,0.95,shared_simulation_seed,2000,30
exp1_controlled_validity,proxy_good_matched_15,mixture_labelled,proxy,proxy_state,causal_regret_per_round,0.5388985298678184,0.014483290144737508,0.5106899859469581,0.567346912401192,0.95,shared_simulation_seed,2000,30
exp1_controlled_validity,proxy_good_matched_15,unlabelled,oracle,oracle_reference,causal_regret_per_round,0.0,0.0,0.0,0.0,0.95,shared_simulation_seed,2000,30
exp1_controlled_validity,proxy_good_matched_15,unlabelled,naive,arrival_time_naive,causal_regret_per_round,0.9250520532650556,0.028649732103864855,0.8696813642731928,0.9787449789796958,0.95,shared_simulation_seed,2000,30
exp1_controlled_validity,proxy_good_matched_15,unlabelled,naive_ewma,arrival_time_ewma,causal_regret_per_round,0.9780001838862513,0.02768165709187943,0.9223594451417029,1.0296080503359508,0.95,shared_simulation_seed,2000,30
exp1_controlled_validity,proxy_good_matched_15,unlabelled,delayed_ucb,delayed_ucb,causal_regret_per_round,1.0000728838821444,0.02352263371165693,0.9521007917504807,1.045527618497698,0.95,shared_simulation_seed,2000,30
exp1_controlled_validity,proxy_good_matched_15,unlabelled,delayed_exp3,delayed_exp3,causal_regret_per_round,1.524617197574108,0.021955164766390645,1.481692096749337,1.5665026104064295,0.95,shared_simulation_seed,2000,30
exp1_controlled_validity,proxy_good_matched_15,unlabelled,sliding_window_W250,arrival_time_sliding_window_w250,causal_regret_per_round,1.414259274022352,0.019794120667534398,1.374958712606589,1.4508135433217537,0.95,shared_simulation_seed,2000,30
exp1_controlled_validity,proxy_good_matched_15,unlabelled,anonymous_delayed,anonymous_delayed,causal_regret_per_round,1.5402278661266036,0.024424998756776586,1.4922963493670103,1.5877185857205547,0.95,shared_simulation_seed,2000,30
exp1_controlled_validity,proxy_good_matched_15,unlabelled,causal_labeled,source_labelled,causal_regret_per_round,1.544081632744072,0.023286768625119872,1.499438578899103,1.5898477550758714,0.95,shared_simulation_seed,2000,30
exp1_controlled_validity,proxy_good_matched_15,unlabelled,causal_em,soft_attribution_em,causal_regret_per_round,0.938957822465984,0.03380223470500441,0.872316422773552,1.0049644849855806,0.95,shared_simulation_seed,2000,30
exp1_controlled_validity,proxy_good_matched_15,unlabelled,causal_em_misspecified,soft_attribution_em_stationary_ablation,causal_regret_per_round,1.0902891916413595,0.0336870506281179,1.026153114967932,1.157452957759836,0.95,shared_simulation_seed,2000,30
exp1_controlled_validity,proxy_good_matched_15,unlabelled,proxy,proxy_state,causal_regret_per_round,0.9331068512589382,0.032491090964677984,0.8700972977830622,0.9966583384126488,0.95,shared_simulation_seed,2000,30
exp1_controlled_validity,proxy_bad_matched_15,labelled,oracle,oracle_reference,causal_regret_per_round,0.0,0.0,0.0,0.0,0.95,shared_simulation_seed,2000,30
exp1_controlled_validity,proxy_bad_matched_15,labelled,naive,arrival_time_naive,causal_regret_per_round,0.9615545123131116,0.033096138712185794,0.8951342309263104,1.0239994592152546,0.95,shared_simulation_seed,2000,30
exp1_controlled_validity,proxy_bad_matched_15,labelled,naive_ewma,arrival_time_ewma,causal_regret_per_round,0.966570781258351,0.030281739389219752,0.9097261811295051,1.0245375412467492,0.95,shared_simulation_seed,2000,30
exp1_controlled_validity,proxy_bad_matched_15,labelled,delayed_ucb,delayed_ucb,causal_regret_per_round,1.0084937986707936,0.025192260422993207,0.9596378611652627,1.0577167182467693,0.95,shared_simulation_seed,2000,30
exp1_controlled_validity,proxy_bad_matched_15,labelled,delayed_exp3,delayed_exp3,causal_regret_per_round,1.5251477636432016,0.022213212770799007,1.4812387171221075,1.5682296235431326,0.95,shared_simulation_seed,2000,30
exp1_controlled_validity,proxy_bad_matched_15,labelled,sliding_window_W250,arrival_time_sliding_window_w250,causal_regret_per_round,1.4211083935351134,0.020386386046877855,1.3818805463483987,1.4616176762829394,0.95,shared_simulation_seed,2000,30
exp1_controlled_validity,proxy_bad_matched_15,labelled,anonymous_delayed,anonymous_delayed,causal_regret_per_round,1.543002394916237,0.023659204041023917,1.4979772975150156,1.5888669771550115,0.95,shared_simulation_seed,2000,30
exp1_controlled_validity,proxy_bad_matched_15,labelled,causal_labeled,source_labelled,causal_regret_per_round,0.34272047962971564,0.008256804834869765,0.327108321792463,0.3600062640786331,0.95,shared_simulation_seed,2000,30
exp1_controlled_validity,proxy_bad_matched_15,labelled,causal_em,soft_attribution_em,causal_regret_per_round,0.3479251878889719,0.008814618583103149,0.3315926504472201,0.36552208761372096,0.95,shared_simulation_seed,2000,30
exp1_controlled_validity,proxy_bad_matched_15,labelled,causal_em_misspecified,soft_attribution_em_stationary_ablation,causal_regret_per_round,0.34714810431380305,0.01025835284220384,0.328155211922958,0.36698828993967003,0.95,shared_simulation_seed,2000,30
exp1_controlled_validity,proxy_bad_matched_15,labelled,proxy,proxy_state,causal_regret_per_round,0.7800736814959458,0.013861481683355938,0.7534995340233347,0.8050446148469056,0.95,shared_simulation_seed,2000,30
exp1_controlled_validity,proxy_bad_matched_15,mixture_labelled,oracle,oracle_reference,causal_regret_per_round,0.0,0.0,0.0,0.0,0.95,shared_simulation_seed,2000,30
exp1_controlled_validity,proxy_bad_matched_15,mixture_labelled,naive,arrival_time_naive,causal_regret_per_round,0.9877622060586952,0.03153065357069774,0.9286283237597907,1.048311395075859,0.95,shared_simulation_seed,2000,30
exp1_controlled_validity,proxy_bad_matched_15,mixture_labelled,naive_ewma,arrival_time_ewma,causal_regret_per_round,0.9823547909949256,0.025200805810367218,0.9353259539082307,1.0327499317562123,0.95,shared_simulation_seed,2000,30
exp1_controlled_validity,proxy_bad_matched_15,mixture_labelled,delayed_ucb,delayed_ucb,causal_regret_per_round,0.9796908815647025,0.026194520441945226,0.9315877520673699,1.0313811846527845,0.95,shared_simulation_seed,2000,30
exp1_controlled_validity,proxy_bad_matched_15,mixture_labelled,delayed_exp3,delayed_exp3,causal_regret_per_round,1.5251466148531014,0.022776892518140506,1.4818798965807392,1.5697508768202553,0.95,shared_simulation_seed,2000,30
exp1_controlled_validity,proxy_bad_matched_15,mixture_labelled,sliding_window_W250,arrival_time_sliding_window_w250,causal_regret_per_round,1.4204605251974782,0.02113484910566183,1.380004091473374,1.462513562323683,0.95,shared_simulation_seed,2000,30
exp1_controlled_validity,proxy_bad_matched_15,mixture_labelled,anonymous_delayed,anonymous_delayed,causal_regret_per_round,1.547246387093016,0.0241735858100408,1.501607877794183,1.592906603997402,0.95,shared_simulation_seed,2000,30
exp1_controlled_validity,proxy_bad_matched_15,mixture_labelled,causal_labeled,source_labelled,causal_regret_per_round,0.561061259156676,0.013313964510856143,0.5363386101628065,0.5879622560469003,0.95,shared_simulation_seed,2000,30
exp1_controlled_validity,proxy_bad_matched_15,mixture_labelled,causal_em,soft_attribution_em,causal_regret_per_round,0.5228142224109227,0.01390218588839623,0.4978679859987988,0.5507220379075896,0.95,shared_simulation_seed,2000,30
exp1_controlled_validity,proxy_bad_matched_15,mixture_labelled,causal_em_misspecified,soft_attribution_em_stationary_ablation,causal_regret_per_round,0.5080484234967225,0.014195830599422182,0.48210117942664393,0.5351507115333641,0.95,shared_simulation_seed,2000,30
exp1_controlled_validity,proxy_bad_matched_15,mixture_labelled,proxy,proxy_state,causal_regret_per_round,0.8851474058226739,0.019827664751984254,0.8461285179139687,0.9260471200362831,0.95,shared_simulation_seed,2000,30
exp1_controlled_validity,proxy_bad_matched_15,unlabelled,oracle,oracle_reference,causal_regret_per_round,0.0,0.0,0.0,0.0,0.95,shared_simulation_seed,2000,30
exp1_controlled_validity,proxy_bad_matched_15,unlabelled,naive,arrival_time_naive,causal_regret_per_round,0.9503836316320674,0.030285554208636933,0.8939598303135224,1.00964427293347,0.95,shared_simulation_seed,2000,30
exp1_controlled_validity,proxy_bad_matched_15,unlabelled,naive_ewma,arrival_time_ewma,causal_regret_per_round,0.9995079636396687,0.029084200755408185,0.9456178402901061,1.0596281838797283,0.95,shared_simulation_seed,2000,30
exp1_controlled_validity,proxy_bad_matched_15,unlabelled,delayed_ucb,delayed_ucb,causal_regret_per_round,0.9981990388522676,0.024036876815612708,0.9538494813204013,1.0477685464822935,0.95,shared_simulation_seed,2000,30
exp1_controlled_validity,proxy_bad_matched_15,unlabelled,delayed_exp3,delayed_exp3,causal_regret_per_round,1.527497644922197,0.022639045704384856,1.4833892322353275,1.569846974445462,0.95,shared_simulation_seed,2000,30
exp1_controlled_validity,proxy_bad_matched_15,unlabelled,sliding_window_W250,arrival_time_sliding_window_w250,causal_regret_per_round,1.4143673995717487,0.019390423232949497,1.3772781140544672,1.449844594684701,0.95,shared_simulation_seed,2000,30
exp1_controlled_validity,proxy_bad_matched_15,unlabelled,anonymous_delayed,anonymous_delayed,causal_regret_per_round,1.5518414931524898,0.0233753794711954,1.5065074418878377,1.5979800851889499,0.95,shared_simulation_seed,2000,30
exp1_controlled_validity,proxy_bad_matched_15,unlabelled,causal_labeled,source_labelled,causal_regret_per_round,1.5525139422452887,0.024487866306214127,1.5060622996583584,1.5994838508665388,0.95,shared_simulation_seed,2000,30
exp1_controlled_validity,proxy_bad_matched_15,unlabelled,causal_em,soft_attribution_em,causal_regret_per_round,0.9103180106283879,0.03173333707636196,0.8482838805137757,0.9679521394663992,0.95,shared_simulation_seed,2000,30
exp1_controlled_validity,proxy_bad_matched_15,unlabelled,causal_em_misspecified,soft_attribution_em_stationary_ablation,causal_regret_per_round,1.1297639269015924,0.05460597525715845,1.0301453642809593,1.2327386497781352,0.95,shared_simulation_seed,2000,30
exp1_controlled_validity,proxy_bad_matched_15,unlabelled,proxy,proxy_state,causal_regret_per_round,1.1958470255976172,0.03489586541845302,1.1307588561751045,1.268034403252128,0.95,shared_simulation_seed,2000,30
exp1_controlled_validity,action_structural_stress,labelled,oracle,oracle_reference,causal_regret_per_round,0.0,0.0,0.0,0.0,0.95,shared_simulation_seed,2000,30
exp1_controlled_validity,action_structural_stress,labelled,naive,arrival_time_naive,causal_regret_per_round,0.9476003900335072,0.03361028521416688,0.8840071204680892,1.0159440027523794,0.95,shared_simulation_seed,2000,30
exp1_controlled_validity,action_structural_stress,labelled,naive_ewma,arrival_time_ewma,causal_regret_per_round,0.9496485650472566,0.026718138887839173,0.8998082948590262,1.004410917029165,0.95,shared_simulation_seed,2000,30
exp1_controlled_validity,action_structural_stress,labelled,delayed_ucb,delayed_ucb,causal_regret_per_round,0.9700205295029887,0.018717795348775948,0.9353768296547701,1.00766401427702,0.95,shared_simulation_seed,2000,30
exp1_controlled_validity,action_structural_stress,labelled,delayed_exp3,delayed_exp3,causal_regret_per_round,1.5232488700053637,0.024142832737931812,1.4778441297408178,1.5684402441310283,0.95,shared_simulation_seed,2000,30
exp1_controlled_validity,action_structural_stress,labelled,sliding_window_W250,arrival_time_sliding_window_w250,causal_regret_per_round,1.4053282641989722,0.020905785619200395,1.3664721137501883,1.4448573385800831,0.95,shared_simulation_seed,2000,30
exp1_controlled_validity,action_structural_stress,labelled,anonymous_delayed,anonymous_delayed,causal_regret_per_round,1.545886984681039,0.02378026051415709,1.4990106582177944,1.592711039929512,0.95,shared_simulation_seed,2000,30
exp1_controlled_validity,action_structural_stress,labelled,causal_labeled,source_labelled,causal_regret_per_round,0.3565330687887232,0.008302791592031573,0.341210548779834,0.37226711282271835,0.95,shared_simulation_seed,2000,30
exp1_controlled_validity,action_structural_stress,labelled,causal_em,soft_attribution_em,causal_regret_per_round,0.3561007881182399,0.007899908607101743,0.34224163771692057,0.3721943668077382,0.95,shared_simulation_seed,2000,30
exp1_controlled_validity,action_structural_stress,labelled,causal_em_misspecified,soft_attribution_em_stationary_ablation,causal_regret_per_round,0.35693291355305695,0.009404285555513151,0.33987312954035737,0.37495213922038223,0.95,shared_simulation_seed,2000,30
exp1_controlled_validity,action_structural_stress,labelled,proxy,proxy_state,causal_regret_per_round,0.3727941183031986,0.009555574682348496,0.3556510314257542,0.3927238383829246,0.95,shared_simulation_seed,2000,30
exp1_controlled_validity,action_structural_stress,mixture_labelled,oracle,oracle_reference,causal_regret_per_round,0.0,0.0,0.0,0.0,0.95,shared_simulation_seed,2000,30
exp1_controlled_validity,action_structural_stress,mixture_labelled,naive,arrival_time_naive,causal_regret_per_round,0.9383859088382879,0.031206021121642478,0.8780484104776753,1.0006026165864401,0.95,shared_simulation_seed,2000,30
exp1_controlled_validity,action_structural_stress,mixture_labelled,naive_ewma,arrival_time_ewma,causal_regret_per_round,0.982529482487763,0.030583371462431733,0.9279762227994006,1.0472747884256213,0.95,shared_simulation_seed,2000,30
exp1_controlled_validity,action_structural_stress,mixture_labelled,delayed_ucb,delayed_ucb,causal_regret_per_round,0.9774536391654924,0.022583563177318543,0.9360690061888621,1.0204743938147889,0.95,shared_simulation_seed,2000,30
exp1_controlled_validity,action_structural_stress,mixture_labelled,delayed_exp3,delayed_exp3,causal_regret_per_round,1.528131410874987,0.023134417225674473,1.4848680770522427,1.5715796848260533,0.95,shared_simulation_seed,2000,30
exp1_controlled_validity,action_structural_stress,mixture_labelled,sliding_window_W250,arrival_time_sliding_window_w250,causal_regret_per_round,1.4198456422561643,0.0206625322621556,1.3784055136534306,1.4602575567100549,0.95,shared_simulation_seed,2000,30
exp1_controlled_validity,action_structural_stress,mixture_labelled,anonymous_delayed,anonymous_delayed,causal_regret_per_round,1.5458631641565312,0.02461197400049987,1.4985172518267025,1.5940136510701948,0.95,shared_simulation_seed,2000,30
exp1_controlled_validity,action_structural_stress,mixture_labelled,causal_labeled,source_labelled,causal_regret_per_round,0.5759814563360602,0.013798945019801168,0.5517678216646985,0.6045523687857084,0.95,shared_simulation_seed,2000,30
exp1_controlled_validity,action_structural_stress,mixture_labelled,causal_em,soft_attribution_em,causal_regret_per_round,0.5384221700760254,0.014287093229117307,0.510670451545346,0.5656182319385571,0.95,shared_simulation_seed,2000,30
exp1_controlled_validity,action_structural_stress,mixture_labelled,causal_em_misspecified,soft_attribution_em_stationary_ablation,causal_regret_per_round,0.513690972789492,0.012557353717914624,0.48926720219175796,0.5390165537427504,0.95,shared_simulation_seed,2000,30
exp1_controlled_validity,action_structural_stress,mixture_labelled,proxy,proxy_state,causal_regret_per_round,0.5412436980441254,0.012710932269019487,0.5174654638286712,0.5663712976916653,0.95,shared_simulation_seed,2000,30
exp1_controlled_validity,action_structural_stress,unlabelled,oracle,oracle_reference,causal_regret_per_round,0.0,0.0,0.0,0.0,0.95,shared_simulation_seed,2000,30
exp1_controlled_validity,action_structural_stress,unlabelled,naive,arrival_time_naive,causal_regret_per_round,0.906581681316879,0.03375250110404358,0.8427287452387665,0.9695812025156564,0.95,shared_simulation_seed,2000,30
exp1_controlled_validity,action_structural_stress,unlabelled,naive_ewma,arrival_time_ewma,causal_regret_per_round,0.9592459160760762,0.029846512096258458,0.9045443551688864,1.0148391104457462,0.95,shared_simulation_seed,2000,30
exp1_controlled_validity,action_structural_stress,unlabelled,delayed_ucb,delayed_ucb,causal_regret_per_round,0.9987752937779318,0.02446243963573065,0.9561068875595473,1.0466604011505467,0.95,shared_simulation_seed,2000,30
exp1_controlled_validity,action_structural_stress,unlabelled,delayed_exp3,delayed_exp3,causal_regret_per_round,1.5207544277493497,0.024360819045149765,1.471407385236456,1.5666554426067822,0.95,shared_simulation_seed,2000,30
exp1_controlled_validity,action_structural_stress,unlabelled,sliding_window_W250,arrival_time_sliding_window_w250,causal_regret_per_round,1.419797967192199,0.02276400052440147,1.3747746792442381,1.464593675222721,0.95,shared_simulation_seed,2000,30
exp1_controlled_validity,action_structural_stress,unlabelled,anonymous_delayed,anonymous_delayed,causal_regret_per_round,1.5466455123872038,0.023676835944737767,1.501592162702636,1.593648063310535,0.95,shared_simulation_seed,2000,30
exp1_controlled_validity,action_structural_stress,unlabelled,causal_labeled,source_labelled,causal_regret_per_round,1.5517807560995176,0.02516121431330299,1.503681449570889,1.5997068074754086,0.95,shared_simulation_seed,2000,30
exp1_controlled_validity,action_structural_stress,unlabelled,causal_em,soft_attribution_em,causal_regret_per_round,0.9555886696810505,0.03718139685400831,0.8844478625737735,1.022410894602311,0.95,shared_simulation_seed,2000,30
exp1_controlled_validity,action_structural_stress,unlabelled,causal_em_misspecified,soft_attribution_em_stationary_ablation,causal_regret_per_round,1.043037913987511,0.03944252406840246,0.969698966698537,1.1126978543028159,0.95,shared_simulation_seed,2000,30
exp1_controlled_validity,action_structural_stress,unlabelled,proxy,proxy_state,causal_regret_per_round,0.9493630405551972,0.037357512545075695,0.8770056514826204,1.0192900339519133,0.95,shared_simulation_seed,2000,30
